station,component,config,n_updates,station_years,seconds,us_per_update,n_flags,n_steps,n_detected,n_reachable,n_detected_reachable,recall_reachable,median_delay_days,n_false_alarms,false_alarms_per_year,event_window_share,chance_false_alarms_per_year,v,c
01NA,east,detection,2360,11.4743,0.9691,410.63,0,3,0,3,0,0.0,,0,0.0,0.0573,0.0,0.059501145220155184,-0.9994737720432342
01NA,east,tracking,2360,11.4743,3.419,1448.72,0,3,0,0,0,,,0,0.0,0.0573,0.0,0.03479968486274836,-0.7164908907755273
01NA,north,detection,2360,11.4743,1.4497,614.29,0,3,0,3,0,0.0,,0,0.0,0.0573,0.0,0.03795933727873852,-0.5211192551645168
01NA,north,tracking,2360,11.4743,4.8761,2066.14,0,3,0,0,0,,,0,0.0,0.0573,0.0,0.059112471534082604,-0.7627852290158442
01NA,up,detection,2360,11.4743,1.0958,464.32,2,3,0,3,0,0.0,,2,0.1743,0.0573,0.1643,0.050404718325389765,-0.21492679729167538
01NA,up,tracking,2360,11.4743,3.6761,1557.68,0,3,0,0,0,,,0,0.0,0.0573,0.0,-0.0043054682756368,0.40649947875799747
1LSU,east,detection,8037,23.332,4.1954,522.01,0,16,0,9,0,0.0,,0,0.0,0.1271,0.0,-0.051624991546675,1.612149774901451
1LSU,east,tracking,8037,23.332,15.4934,1927.76,0,16,0,1,0,0.0,,0,0.0,0.1271,0.0,-0.012557325975643038,0.7020754166370735
1LSU,north,detection,8037,23.332,4.7723,593.79,0,16,0,9,0,0.0,,0,0.0,0.1271,0.0,-0.12091629664316646,3.622391583306388
1LSU,north,tracking,8037,23.332,16.3043,2028.65,0,16,0,1,0,0.0,,0,0.0,0.1271,0.0,-0.0014899633683458499,0.8416439375200421
1LSU,up,detection,8037,23.332,3.4667,431.34,2,16,1,9,1,0.1111,8.01,1,0.0429,0.1271,0.0748,0.0781738272112469,-2.419508831222504
1LSU,up,tracking,8037,23.332,15.7107,1954.79,0,16,0,1,0,0.0,,0,0.0,0.1271,0.0,-0.0046765050123055985,-0.49700132061975333
1NSU,east,detection,8110,22.5982,4.08,503.08,1,5,0,5,0,0.0,,1,0.0443,0.0582,0.0417,-0.0014278647365133595,-0.1452517013330787
1NSU,east,tracking,8110,22.5982,15.6622,1931.22,0,5,0,1,0,0.0,,0,0.0,0.0582,0.0,-0.01204551034475421,0.09271569740489738
1NSU,north,detection,8110,22.5982,4.958,611.35,0,5,0,5,0,0.0,,0,0.0,0.0582,0.0,-0.025919961583084013,0.6174224294006726
1NSU,north,tracking,8110,22.5982,15.6894,1934.57,0,5,0,1,0,0.0,,0,0.0,0.0582,0.0,-0.00194100786787559,0.07311541048048847
1NSU,up,detection,8110,22.5982,3.9934,492.4,1,5,0,5,0,0.0,,1,0.0443,0.0582,0.0417,0.06556619677918214,-1.4481815195128664
1NSU,up,tracking,8110,22.5982,17.2979,2132.91,0,5,0,1,0,0.0,,0,0.0,0.0582,0.0,-0.0008594301356479092,0.04703640725376177
1ULM,east,detection,8202,23.1896,3.797,462.93,0,5,0,5,0,0.0,,0,0.0,0.0567,0.0,0.005623318688843062,0.13685280507767278
1ULM,east,tracking,8202,23.1896,16.6613,2031.38,1,5,0,1,0,0.0,,1,0.0431,0.0567,0.0407,-0.012262723509416935,0.5489525694936405
1ULM,north,detection,8202,23.1896,4.9686,605.78,1,5,0,5,0,0.0,,1,0.0431,0.0567,0.0407,-0.027426040650497335,1.3884943348280256
1ULM,north,tracking,8202,23.1896,16.1077,1963.87,0,5,0,1,0,0.0,,0,0.0,0.0567,0.0,-0.0017217197051547682,0.791467021205759
1ULM,up,detection,8202,23.1896,4.8046,585.78,1,5,0,5,0,0.0,,1,0.0431,0.0567,0.0407,0.07450457668619098,-1.7832476430310014
1ULM,up,tracking,8202,23.1896,14.1537,1725.64,0,5,0,1,0,0.0,,0,0.0,0.0567,0.0,-0.0024137839707252047,-0.006346771880094949
25MA,east,detection,4550,12.9473,1.8225,400.54,0,4,0,4,0,0.0,,0,0.0,0.1015,0.0,0.018455406975483413,-0.7896917868651363
25MA,east,tracking,4550,12.9473,8.9871,1975.19,0,4,0,0,0,,,0,0.0,0.1015,0.0,-0.0037896587797002098,-0.5030459373202126
25MA,north,detection,4550,12.9473,2.4956,548.48,0,4,0,4,0,0.0,,0,0.0,0.1015,0.0,-0.003764231086509612,-0.7011202074779735
25MA,north,tracking,4550,12.9473,7.6081,1672.1,0,4,0,0,0,,,0,0.0,0.1015,0.0,0.012216374115329083,-0.9056843112585143
25MA,up,detection,4550,12.9473,2.2203,487.98,0,4,0,4,0,0.0,,0,0.0,0.1015,0.0,-0.03237638396935881,1.3697265613826146
25MA,up,tracking,4550,12.9473,9.214,2025.05,0,4,0,0,0,,,0,0.0,0.1015,0.0,-0.001966888205941997,0.9739319636451885
3ARO,east,detection,4524,12.8761,2.8644,633.15,0,1,0,1,0,0.0,,0,0.0,0.0255,0.0,0.008009506673305047,0.7932823759614899
3ARO,east,tracking,4524,12.8761,7.4637,1649.79,0,1,0,0,0,,,0,0.0,0.0255,0.0,-0.0028652565639181895,0.9321880740729285
3ARO,north,detection,4524,12.8761,2.2644,500.53,0,1,0,1,0,0.0,,0,0.0,0.0255,0.0,0.013173817418820077,-0.5101556834044043
3ARO,north,tracking,4524,12.8761,10.2544,2266.67,0,1,0,0,0,,,0,0.0,0.0255,0.0,0.011403550041759514,-0.4849094883300107
3ARO,up,detection,4524,12.8761,2.4645,544.76,0,1,0,1,0,0.0,,0,0.0,0.0255,0.0,-0.07131290677304908,1.3842097949485241
3ARO,up,tracking,4524,12.8761,8.1952,1811.5,0,1,0,0,0,,,0,0.0,0.0255,0.0,-0.0010604444305273109,0.48219380623238606
7ODM,east,detection,7588,25.3388,4.5232,596.1,2,9,1,9,1,0.1111,10.02,1,0.0395,0.078,0.0728,-0.0028615862142700615,-0.5038899632177929
7ODM,east,tracking,7588,25.3388,14.7816,1948.03,0,9,0,2,0,0.0,,0,0.0,0.078,0.0,-0.02614571719455887,0.08559642308735434
7ODM,north,detection,7588,25.3388,3.7053,488.31,2,9,2,9,2,0.2222,11.51,0,0.0,0.078,0.0728,-0.004011240946725296,1.014941947431645
7ODM,north,tracking,7588,25.3388,14.8424,1956.03,0,9,0,2,0,0.0,,0,0.0,0.078,0.0,0.006079442699494061,0.756554592427321
7ODM,up,detection,7588,25.3388,3.989,525.7,1,9,1,9,1,0.1111,10.02,0,0.0,0.078,0.0364,-0.0036950161889304123,0.16834744063609902
7ODM,up,tracking,7588,25.3388,14.7813,1947.98,0,9,0,2,0,0.0,,0,0.0,0.078,0.0,-0.00025457958743355184,0.08092567373626895
AACR,east,detection,2812,9.4236,1.3587,483.18,2,14,2,11,2,0.1818,23.0,0,0.0,0.3562,0.1366,0.0234416570120983,-1.003873388501372
AACR,east,tracking,2812,9.4236,6.5294,2321.96,0,14,0,0,0,,,0,0.0,0.3562,0.0,0.007916648228300252,-0.8627553014139497
AACR,north,detection,2812,9.4236,1.7544,623.9,3,14,2,11,2,0.1818,23.0,1,0.1061,0.3562,0.205,0.043655309963254854,0.7141525395513161
AACR,north,tracking,2812,9.4236,5.5055,1957.86,0,14,0,0,0,,,0,0.0,0.3562,0.0,0.010567786796940504,1.0187427354421978
AACR,up,detection,2812,9.4236,1.1051,393.0,0,14,0,13,0,0.0,,0,0.0,0.3562,0.0,-0.04343129392670855,1.3482279579048246
AACR,up,tracking,2812,9.4236,4.7249,1680.28,0,14,0,0,0,,,0,0.0,0.3562,0.0,0.0006206752693831955,0.9361805986884224
AB01,east,detection,5693,19.2635,2.2666,398.14,1,47,0,45,0,0.0,,0,0.0,0.4719,0.0274,-0.022512241266674667,0.12932416799516916
AB01,east,tracking,5693,19.2635,10.8043,1897.82,0,47,0,4,0,0.0,,0,0.0,0.4719,0.0,-0.011395811728329435,-0.07708378065663199
AB01,north,detection,5693,19.2635,3.0838,541.68,0,47,0,46,0,0.0,,0,0.0,0.4719,0.0,-0.001385904783455702,-0.3839933618775815
AB01,north,tracking,5693,19.2635,10.0796,1770.53,0,47,0,4,0,0.0,,0,0.0,0.4719,0.0,-0.017940496682996618,-0.07244619069465229
AB01,up,detection,5693,19.2635,3.667,644.13,2,47,0,45,0,0.0,,1,0.0519,0.4719,0.0548,-0.007615176973129821,0.6263218214230695
AB01,up,tracking,5693,19.2635,10.4644,1838.12,0,47,0,4,0,0.0,,0,0.0,0.4719,0.0,-0.0008048857035272899,0.5031456584536446
AB02,east,detection,6749,19.2498,3.3776,500.45,3,50,2,48,2,0.0417,30.5,1,0.0519,0.4284,0.0891,-0.01666700588673611,0.5654725999011824
AB02,east,tracking,6749,19.2498,14.0422,2080.64,1,50,0,0,0,,,1,0.0519,0.4284,0.0297,-0.010248099877101973,0.44335119983103555
AB02,north,detection,6749,19.2498,2.9659,439.46,4,50,4,47,4,0.0851,33.99,0,0.0,0.4284,0.1188,-0.018530893233184114,0.12920592421486216
AB02,north,tracking,6749,19.2498,13.6441,2021.65,0,50,0,10,0,0.0,,0,0.0,0.4284,0.0,-0.01877174744754212,0.13120098797931143
AB02,up,detection,6749,19.2498,3.3932,502.77,1,50,0,48,0,0.0,,1,0.0519,0.4284,0.0297,0.01989689031418866,0.43226340094069116
AB02,up,tracking,6749,19.2498,13.1429,1947.39,0,50,0,10,0,0.0,,0,0.0,0.4284,0.0,-0.0005863937784988667,0.8252497670945168
AB04,east,detection,6062,19.1266,3.8383,633.17,7,8,0,7,0,0.0,,6,0.3137,0.1202,0.322,0.010464829891113761,0.357341560861569
AB04,east,tracking,6062,19.1266,11.3334,1869.58,0,8,0,1,0,0.0,,0,0.0,0.1202,0.0,1.388984835702886e-05,0.5580043293156309
AB04,north,detection,6062,19.1266,3.1327,516.77,5,8,0,8,0,0.0,,5,0.2614,0.1202,0.23,-0.022147201252638648,0.17525093808907266
AB04,north,tracking,6062,19.1266,11.9697,1974.54,0,8,0,1,0,0.0,,0,0.0,0.1202,0.0,-0.023217622787275734,0.19369351013365413
AB04,up,detection,6062,19.1266,3.4113,562.74,0,8,0,8,0,0.0,,0,0.0,0.1202,0.0,0.003915808139735419,0.4776991498346293
AB04,up,tracking,6062,19.1266,13.5468,2234.72,0,8,0,1,0,0.0,,0,0.0,0.1202,0.0,-0.0019944155120313056,0.5888468637330806
AB06,east,detection,6868,21.0212,3.0519,444.36,8,22,1,18,1,0.0556,20.02,6,0.2854,0.2501,0.2854,-0.0015924651601242487,-0.2850865081984936
AB06,east,tracking,6868,21.0212,14.4318,2101.31,1,22,0,0,0,,,1,0.0476,0.2501,0.0357,-0.007550180383909434,-0.1580978694534199
AB06,north,detection,6868,21.0212,3.4339,499.98,9,22,0,19,0,0.0,,9,0.4281,0.2501,0.3211,-0.0094083115196533,-0.10383576336632203
AB06,north,tracking,6868,21.0212,14.0562,2046.62,0,22,0,8,0,0.0,,0,0.0,0.2501,0.0,-0.023280427819269922,0.1806045670206659
AB06,up,detection,6868,21.0212,3.6771,535.39,6,22,0,19,0,0.0,,6,0.2854,0.2501,0.2141,-0.006020712723107815,0.5745041747230546
AB06,up,tracking,6868,21.0212,13.1798,1919.02,0,22,0,8,0,0.0,,0,0.0,0.2501,0.0,0.001668760030437975,0.41111733783300625
AB07,east,detection,7944,21.8289,3.5379,445.35,1,37,1,32,1,0.0312,14.0,0,0.0,0.2251,0.0355,-0.012593973577364824,0.7220167933580468
AB07,east,tracking,7944,21.8289,14.7739,1859.76,1,37,0,13,0,0.0,,1,0.0458,0.2251,0.0355,-0.012377005776460587,0.7192579446658238
AB07,north,detection,7944,21.8289,4.1118,517.6,2,37,2,31,2,0.0645,9.99,0,0.0,0.2251,0.071,-0.031618605512815014,0.14397059596852124
AB07,north,tracking,7944,21.8289,15.5743,1960.51,1,37,0,13,0,0.0,,1,0.0458,0.2251,0.0355,-0.02662186620557953,0.030480387362565368
AB07,up,detection,7944,21.8289,3.8882,489.45,2,37,1,32,1,0.0312,14.0,1,0.0458,0.2251,0.071,0.005632344455863113,0.3777279057014243
AB07,up,tracking,7944,21.8289,15.9306,2005.36,1,37,0,13,0,0.0,,1,0.0458,0.2251,0.0355,0.002575915732970135,0.44140750599401046
AB08,east,detection,5770,17.1937,2.37,410.75,4,9,0,7,0,0.0,,4,0.2326,0.167,0.1938,0.015639610535845908,-0.5253745754817283
AB08,east,tracking,5770,17.1937,11.4334,1981.53,0,9,0,1,0,0.0,,0,0.0,0.167,0.0,-0.0006246413293570527,-0.24667196903994099
AB08,north,detection,5770,17.1937,3.5662,618.06,2,9,0,8,0,0.0,,2,0.1163,0.167,0.0969,-0.03001250818921152,0.1511533735535025
AB08,north,tracking,5770,17.1937,11.1138,1926.13,0,9,0,1,0,0.0,,0,0.0,0.167,0.0,-0.02613864297619718,0.07888244194474976
AB08,up,detection,5770,17.1937,2.7479,476.24,0,9,0,8,0,0.0,,0,0.0,0.167,0.0,-0.0017782891059264824,0.5359154475805888
AB08,up,tracking,5770,17.1937,11.007,1907.63,0,9,0,1,0,0.0,,0,0.0,0.167,0.0,-0.0025588014414817542,0.5477361201902352
AB09,east,detection,6648,19.0828,3.9746,597.86,2,7,0,4,0,0.0,,2,0.1048,0.0871,0.0957,-0.008196226865222245,0.7152475589694265
AB09,east,tracking,6648,19.0828,13.0136,1957.52,0,7,0,3,0,0.0,,0,0.0,0.0871,0.0,0.001478500282044653,0.534916617853267
AB09,north,detection,6648,19.0828,3.2412,487.55,3,7,0,4,0,0.0,,3,0.1572,0.0871,0.1435,-0.029097402064367693,0.9469657000930275
AB09,north,tracking,6648,19.0828,14.2461,2142.91,0,7,0,3,0,0.0,,0,0.0,0.0871,0.0,-0.02322114736557598,0.8335699851256542
AB09,up,detection,6648,19.0828,3.9002,586.67,0,7,0,7,0,0.0,,0,0.0,0.0871,0.0,-0.045556626146095784,0.9517831081387327
AB09,up,tracking,6648,19.0828,13.0653,1965.29,0,7,0,3,0,0.0,,0,0.0,0.0871,0.0,-0.00037423970849854494,0.09107348183020476
AB11,east,detection,6289,20.0876,4.1428,658.73,12,8,0,3,0,0.0,,12,0.5974,0.1059,0.5341,0.007940917011611825,0.2586794532970978
AB11,east,tracking,6289,20.0876,11.9097,1893.73,0,8,0,1,0,0.0,,0,0.0,0.1059,0.0,-0.0016314629417035558,0.4515805741334368
AB11,north,detection,6289,20.0876,4.1126,653.94,10,8,1,3,1,0.3333,26.01,9,0.448,0.1059,0.4451,-0.03124626953977691,0.2681672763156545
AB11,north,tracking,6289,20.0876,11.7588,1869.74,0,8,0,1,0,0.0,,0,0.0,0.1059,0.0,-0.02547443717780821,0.15352849940007074
AB11,up,detection,6289,20.0876,3.9573,629.25,6,8,0,3,0,0.0,,5,0.2489,0.1059,0.2671,-0.038466295530306734,1.2177825673252716
AB11,up,tracking,6289,20.0876,10.5149,1671.95,1,8,0,0,0,,,1,0.0498,0.1059,0.0445,-0.0020971299527974,0.49093387143240536
AB12,east,detection,4061,11.8084,2.5232,621.32,3,3,0,2,0,0.0,,2,0.1694,0.0835,0.2329,-0.21485419923219595,1.6713297596909595
AB12,east,tracking,4061,11.8084,8.6873,2139.19,0,3,0,0,0,,,0,0.0,0.0835,0.0,-0.018768419037735087,-0.5692003910720518
AB12,north,detection,4061,11.8084,1.8992,467.66,9,3,2,2,2,1.0,24.5,7,0.5928,0.0835,0.6986,-0.3007114756226525,4.281003031240049
AB12,north,tracking,4061,11.8084,7.5542,1860.18,0,3,0,0,0,,,0,0.0,0.0835,0.0,-0.01110190773619089,0.8435318564256591
AB12,up,detection,4061,11.8084,2.6077,642.12,8,3,1,2,1,0.5,39.99,7,0.5928,0.0835,0.6209,-0.09827024896864331,1.3092006913105338
AB12,up,tracking,4061,11.8084,8.1831,2015.04,0,3,0,0,0,,,0,0.0,0.0835,0.0,0.012615622199529606,-0.009963981057566107
AB13,east,detection,6873,19.6249,3.5438,515.61,8,19,2,16,2,0.125,2.5,6,0.3057,0.2002,0.326,-0.017943395228381676,-0.40929973046799295
AB13,east,tracking,6873,19.6249,13.4107,1951.21,1,19,1,6,1,0.1667,44.01,0,0.0,0.2002,0.0408,-0.007546406588399039,-0.6122262789430757
AB13,north,detection,6873,19.6249,2.9437,428.3,6,19,2,16,2,0.125,7.0,4,0.2038,0.2002,0.2445,-0.04772236479863732,0.17484727627668276
AB13,north,tracking,6873,19.6249,8.9476,1301.84,1,19,1,0,0,,43.99,0,0.0,0.2002,0.0408,-0.03212518923071155,-0.1284616486694441
AB13,up,detection,6873,19.6249,2.5241,367.25,3,19,1,17,1,0.0588,1.0,2,0.1019,0.2002,0.1223,-0.011593566779113879,0.9933042835806023
AB13,up,tracking,6873,19.6249,8.2862,1205.62,1,19,1,6,1,0.1667,44.01,0,0.0,0.2002,0.0408,0.005789924480473858,0.6582462156007705
AB14,east,detection,6920,19.1294,2.5613,370.14,7,13,0,11,0,0.0,,6,0.3137,0.1798,0.3001,-0.004734644546927608,0.18246380656006428
AB14,east,tracking,6920,19.1294,8.3708,1209.65,0,13,0,6,0,0.0,,0,0.0,0.1798,0.0,-0.0045959563499400205,0.1812565711325007
AB14,north,detection,6920,19.1294,2.5435,367.55,12,13,2,9,2,0.2222,31.99,9,0.4705,0.1798,0.5145,-0.024895568946953432,0.38090603443914856
AB14,north,tracking,6920,19.1294,8.2807,1196.64,1,13,0,0,0,,,1,0.0523,0.1798,0.0429,-0.02816727884281004,0.440087642289303
AB14,up,detection,6920,19.1294,2.5414,367.26,8,13,0,13,0,0.0,,8,0.4182,0.1798,0.343,-0.011168951951273036,0.8704057285678344
AB14,up,tracking,6920,19.1294,8.3111,1201.03,0,13,0,6,0,0.0,,0,0.0,0.1798,0.0,-0.0034320386186735817,0.7201090204843442
AB15,east,detection,5989,20.0301,2.221,370.85,9,12,1,6,1,0.1667,3.99,6,0.2995,0.1486,0.3826,0.0023657219864645133,0.23182573232056566
AB15,east,tracking,5989,20.0301,7.132,1190.85,1,12,0,0,0,,,1,0.0499,0.1486,0.0425,-0.003067919290853017,0.34325848667621944
AB15,north,detection,5989,20.0301,2.2044,368.08,7,12,1,6,1,0.1667,3.99,4,0.1997,0.1486,0.2975,-0.02700622744263152,0.2559636463630034
AB15,north,tracking,5989,20.0301,7.1272,1190.04,1,12,0,0,0,,,1,0.0499,0.1486,0.0425,-0.0230874803393356,0.17644372993149277
AB15,up,detection,5989,20.0301,2.2042,368.04,2,12,0,12,0,0.0,,2,0.0998,0.1486,0.085,0.008074066848862745,0.17664289085092819
AB15,up,tracking,5989,20.0301,7.0866,1183.26,0,12,0,4,0,0.0,,0,0.0,0.1486,0.0,0.0011114393502364142,0.31365085284925853
