station,component,config,n_updates,station_years,seconds,us_per_update,n_flags,n_events,n_flags_explained,n_flags_unexplained,explained_share,event_window_share,v,c,n_moves,n_quality_failures
70026027502,TMP,diurnal,9495,1.0832,1.5974,168.24,9,2707,9,0,1.0,0.8486,-0.7255021120245246,234.81642188968118,0,2707
70063727406,TMP,diurnal,13203,1.5062,2.2334,169.16,19,158,2,17,0.1053,0.1144,-1.3178604534337524,451.2605945178416,0,158
70133026616,TMP,diurnal,14696,1.6765,2.6609,181.06,36,56,8,28,0.2222,0.1109,-0.4125650621844551,137.7313514461303,0,56
70174026533,TMP,diurnal,12389,1.4133,2.3166,186.98,7,48,2,5,0.2857,0.1278,-0.8616769402349851,285.94340209095594,0,48
70200026617,TMP,diurnal,16013,1.8267,2.7264,170.26,22,39,1,21,0.0455,0.0441,4.590890244231909,-1680.106969189781,0,39
70219026615,TMP,diurnal,16773,1.9134,3.0535,182.05,21,17,2,19,0.0952,0.0454,0.5922658489953377,-222.47138621217692,0,17
70222026501,TMP,diurnal,11097,1.2659,1.7527,157.94,13,339,0,13,0.0,0.0568,-0.7110952382838929,227.85732911567817,0,339
70231026510,TMP,diurnal,13761,1.5698,2.6942,195.79,18,25,1,17,0.0556,0.038,0.8884714343996902,-352.2417227679469,0,25
70251026528,TMP,diurnal,13832,1.5779,2.7232,196.88,18,27,2,16,0.1111,0.04,-1.57328648058176,567.3384374505696,0,27
70259026523,TMP,diurnal,11124,1.269,1.6661,149.78,8,1,0,8,0.0,0.0055,-0.19027490035854344,63.70618261855917,0,1
70261026411,TMP,diurnal,12525,1.4288,2.1626,172.66,9,105,1,8,0.1111,0.0624,-0.9863668007750134,332.75655948531676,0,105
70267026415,TMP,diurnal,13454,1.5348,2.5216,187.42,19,66,2,17,0.1053,0.0832,0.9918149821682782,-376.9901896925798,0,66
70271026425,TMP,diurnal,13386,1.527,2.6485,197.85,15,2,0,15,0.0,0.0109,-1.0765348647141986,365.7201647291828,0,2
70272026401,TMP,diurnal,10231,1.1671,1.8003,175.97,6,39,2,4,0.3333,0.1027,-0.8310070108310389,291.9499306254464,0,39
70272526491,TMP,diurnal,10950,1.2491,1.7966,164.07,7,4,0,7,0.0,0.0112,0.324109769923839,-128.7652548112314,0,4
70273026451,TMP,diurnal,13258,1.5124,2.3183,174.86,14,13,0,14,0.0,0.0062,0.3482436113142117,-135.48724810523692,0,13
70273526409,TMP,diurnal,10211,1.1648,1.7527,171.65,10,3,0,10,0.0,0.0164,-0.2403327097278143,76.65638863285967,0,3
70291026412,TMP,diurnal,9590,1.094,1.7036,177.64,7,34,1,6,0.1429,0.0524,-0.944862715011159,317.87437957005733,0,34
70296026410,TMP,diurnal,11408,1.3014,2.0652,181.03,7,10,1,6,0.1429,0.0386,-0.1481779770000398,47.77801579435183,0,10
70308025713,TMP,diurnal,17959,2.0487,3.4033,189.5,27,3,1,26,0.037,0.0164,-2.1432303275195106,782.9679330218205,0,3
70316025624,TMP,diurnal,18075,2.0619,3.2486,179.73,24,1,0,24,0.0,0.0055,1.482725678869083,-539.2185120196159,0,1
70326025503,TMP,diurnal,15012,1.7125,2.8964,192.94,22,45,2,20,0.0909,0.0318,-0.742969284102315,275.8306298691086,0,45
70340025506,TMP,diurnal,13302,1.5175,2.7503,206.76,25,86,4,21,0.16,0.0976,0.4961002252623417,-176.7209518308409,0,86
70341025507,TMP,diurnal,10229,1.1669,1.6694,163.2,10,53,1,9,0.1,0.0543,0.8077548222178064,-292.69161221911713,0,53
70350025501,TMP,diurnal,17122,1.9532,3.1816,185.82,27,4,0,27,0.0,0.0058,-0.1485706118899186,59.033667149155306,0,4
70361025339,TMP,diurnal,18295,2.087,3.39,185.3,26,21,4,22,0.1538,0.0664,-2.858626919096,1038.4973024098954,0,21
70371025333,TMP,diurnal,11929,1.3608,2.1109,176.95,18,89,3,15,0.1667,0.1097,-0.2624456207532191,98.22596729494312,0,89
70381025309,TMP,diurnal,13902,1.5859,2.3483,168.92,16,3,1,15,0.0625,0.0164,-0.14069829896278296,46.589320127202804,0,3
70395025325,TMP,diurnal,12022,1.3714,2.0351,169.28,14,183,5,9,0.3571,0.2597,-0.40745531039291416,149.7381046140842,0,183
72201012836,TMP,diurnal,13016,1.4848,2.2922,176.11,14,33,2,12,0.1429,0.0908,0.747061943274431,-248.33276031600568,0,33
72201512850,TMP,diurnal,10330,1.1784,1.7456,168.98,6,1,1,5,0.1667,0.0055,0.41879022597798565,-128.00350941612888,0,1
72202012839,TMP,diurnal,12734,1.4527,2.3313,183.08,14,9,1,13,0.0714,0.0437,-0.3112671961881869,137.6157809324497,0,9
72202612826,TMP,diurnal,14275,1.6285,2.3442,164.21,14,96,1,13,0.0714,0.0967,-0.41911418421632307,177.148234390467,0,96
72202912888,TMP,diurnal,10651,1.215,1.7809,167.21,9,5,0,9,0.0,0.0167,0.1412947837437316,-28.92485899725158,0,5
72203012844,TMP,diurnal,12447,1.4199,2.1981,176.6,8,14,1,7,0.125,0.0575,0.12072142844223623,-20.508733940605346,0,14
72204012838,TMP,diurnal,11047,1.2602,1.8502,167.48,8,4,0,8,0.0,0.0164,0.13743267503072815,-29.715370240318542,0,4
72205012815,TMP,diurnal,12417,1.4165,2.2625,182.21,12,460,6,6,0.5,0.3305,0.28613562929273406,-83.73681036707093,0,460
72205312841,TMP,diurnal,10984,1.253,2.3932,217.88,9,36,2,7,0.2222,0.0408,0.3359485443776898,-101.7162612910362,0,36
72205712854,TMP,diurnal,10871,1.2401,1.9685,181.08,7,13,0,7,0.0,0.0547,0.15452183853131218,-35.25230169584562,0,13
72206013889,TMP,diurnal,13288,1.5159,2.5514,192.01,9,12,0,9,0.0,0.0494,0.3728735173768942,-117.59152565280377,0,12
72206593837,TMP,diurnal,10720,1.2229,2.0605,192.21,6,17,0,6,0.0,0.0624,0.37056237774566614,-116.31124965983271,0,17
72207003822,TMP,diurnal,13485,1.5383,2.2813,169.17,7,22,1,6,0.1429,0.0947,0.2805014152693068,-86.78260223076505,0,22
72208013880,TMP,diurnal,12746,1.454,2.3241,182.34,7,9,0,7,0.0,0.0275,0.6116699871413697,-210.68678419537093,0,9
72208593831,TMP,diurnal,11459,1.3072,2.1003,183.29,7,18,2,5,0.2857,0.0438,-0.20405062175581146,87.66929257604914,0,18
72210612835,TMP,diurnal,11031,1.2584,2.0262,183.68,13,15,3,10,0.2308,0.0467,0.10299024388209296,-16.282698431918284,0,15
72210812894,TMP,diurnal,9667,1.1028,1.6122,166.77,10,21,2,8,0.2,0.0697,0.15633199493378558,-36.02592443575345,0,21
72211012842,TMP,diurnal,12899,1.4715,2.465,191.1,9,24,1,8,0.1111,0.0964,0.23713744475705137,-64.99608847337888,0,24
72211612873,TMP,diurnal,10097,1.1518,1.662,164.6,5,79,0,5,0.0,0.0433,0.15467358883891802,-33.91723646082866,0,79
72212012833,TMP,diurnal,12177,1.3891,2.164,177.71,6,5329,6,0,1.0,0.6335,-0.05860630669646425,41.233433152975586,0,5329
72213713878,TMP,diurnal,17618,2.0098,2.9093,165.13,12,8251,12,0,1.0,0.9976,0.7973303391676083,-273.1131913542071,0,8251
72214093805,TMP,diurnal,14014,1.5987,2.5385,181.14,6,28,1,5,0.1667,0.1061,0.6119626266774927,-208.50066318209582,0,28
72216013869,TMP,diurnal,11127,1.2693,1.8475,166.04,9,18,1,8,0.1111,0.0598,0.5099293813324598,-172.55863308627067,0,18
72216693845,TMP,diurnal,11687,1.3332,1.9548,167.27,8,75,2,6,0.25,0.1199,0.545447001675776,-184.08033720291155,0,75
72217003813,TMP,diurnal,13730,1.5663,2.6121,190.25,12,9,0,12,0.0,0.0437,0.20008544753980967,-60.412513160466794,0,9
72217513860,TMP,diurnal,13341,1.5219,2.3635,177.16,12,57,5,7,0.4167,0.167,0.3263356705016637,-106.02687696859256,0,57
72218003820,TMP,diurnal,14221,1.6223,2.4069,169.25,9,21,3,6,0.3333,0.0958,0.8835540106763198,-311.5050853323359,0,21
72219013874,TMP,diurnal,13048,1.4885,2.5356,194.33,9,17,2,7,0.2222,0.0676,0.38689372605274386,-126.7851290411312,0,17
72219503888,TMP,diurnal,10909,1.2445,1.8322,167.96,12,1,0,12,0.0,0.0055,0.4605651615865624,-156.2226927362347,0,1
72221013858,TMP,diurnal,15293,1.7446,2.708,177.07,17,165,5,12,0.2941,0.2085,3.4719963573387327,-1248.8035573590237,0,165
72222313899,TMP,diurnal,11936,1.3616,1.972,165.21,10,4,0,10,0.0,0.0165,0.6546465775564716,-221.14028478746837,0,4
72222503855,TMP,diurnal,8967,1.0229,1.5235,169.9,5,20,2,3,0.4,0.0908,0.35636282933936214,-114.4332881963306,0,20
72223013894,TMP,diurnal,14094,1.6078,2.7114,192.38,10,19,0,10,0.0,0.057,-0.30680255898405834,129.947363428351,0,19
72225013829,TMP,diurnal,15152,1.7285,2.6202,172.93,13,301,1,12,0.0769,0.2666,-1.112110907871184,421.3824399392538,0,301
72225593842,TMP,diurnal,11155,1.2725,1.7106,153.35,11,1,0,11,0.0,0.0055,0.5299349407724362,-178.72308657304086,0,1
72226013895,TMP,diurnal,14011,1.5983,2.8508,203.47,7,10,1,6,0.1429,0.022,1.797318384121132,-640.0977832089472,0,10
72226903850,TMP,diurnal,16917,1.9298,3.4993,206.85,14,96,4,10,0.2857,0.3127,0.34950955874274253,-109.98215832933292,0,96
72228013876,TMP,diurnal,10813,1.2335,1.643,151.95,9,5,0,9,0.0,0.0221,0.6317511014814576,-215.85621607174954,0,5
72228693806,TMP,diurnal,11278,1.2866,1.723,152.77,9,12,3,6,0.3333,0.0526,0.5997823294740887,-204.53124618350978,0,12
72228713871,TMP,diurnal,10874,1.2405,1.6975,156.11,14,8,1,13,0.0714,0.0165,0.9515887387422174,-334.24253379246744,0,8
72231012916,TMP,diurnal,13946,1.5909,2.5594,183.52,9,9,1,8,0.1111,0.0389,1.1037234027424878,-384.133486934257,0,9
72231553917,TMP,diurnal,11874,1.3546,1.8578,156.46,9,10,0,9,0.0,0.0248,0.7716589607831537,-263.16923884041853,0,10
72234013865,TMP,diurnal,14257,1.6264,2.4693,173.2,10,6,2,8,0.2,0.0328,1.2060558945197886,-425.09327963245414,0,6
72235003940,TMP,diurnal,14127,1.6116,2.792,197.64,9,15,1,8,0.1111,0.0587,0.05052790386672851,-2.556293119585362,0,15
72235893919,TMP,diurnal,12413,1.416,2.1507,173.27,10,5,0,10,0.0,0.0219,0.5361229680636214,-178.62436097642785,0,5
72239003931,TMP,diurnal,13126,1.4974,2.2103,168.39,15,28,4,11,0.2667,0.1072,0.47773407957563896,-156.5827446612236,0,28
72240003937,TMP,diurnal,15919,1.816,3.0998,194.72,18,13,1,17,0.0556,0.0339,1.1289742181572526,-393.1242626826313,0,13
72240513976,TMP,diurnal,12386,1.413,2.084,168.26,11,4,0,11,0.0,0.0219,0.40941625947988247,-129.4460766104737,0,4
72241012917,TMP,diurnal,15919,1.816,2.8475,178.87,11,3,0,11,0.0,0.0164,0.5918749100968084,-197.19975025410972,0,3
72243012960,TMP,diurnal,13056,1.4894,2.2034,168.77,20,16,4,16,0.2,0.0579,-0.22561816872281792,102.57831091693646,0,16
72244693987,TMP,diurnal,12203,1.3921,1.9185,157.22,12,4,1,11,0.0833,0.0164,0.08944718748736129,-17.901559766006184,0,4
72248013957,TMP,diurnal,12948,1.4771,2.2253,171.86,17,2560,16,1,0.9412,0.8786,0.2124651376715272,-62.923375973116805,0,2560
72248613942,TMP,diurnal,11683,1.3328,2.0544,175.85,10,7,0,10,0.0,0.0296,-0.23320713010823052,100.30204173936276,0,7
72250012919,TMP,diurnal,14932,1.7034,3.1912,213.71,8,31,2,6,0.25,0.0592,0.37726007417993757,-116.44946700687916,0,31
72250612959,TMP,diurnal,11957,1.364,2.3666,197.93,9,16,1,8,0.1111,0.0652,0.12247617700988764,-23.854574611561286,0,16
72251012924,TMP,diurnal,13729,1.5662,2.6055,189.78,8,79,2,6,0.25,0.186,-0.44025661036965646,178.5732639297317,0,79
72251512926,TMP,diurnal,7690,0.8773,1.359,176.72,4,11,1,3,0.25,0.0495,0.03205297680752539,7.887613509727605,0,11
72251712932,TMP,diurnal,12751,1.4546,2.2814,178.92,15,7,1,14,0.0667,0.0354,-1.023061093205758,391.7725810201837,0,7
72253012921,TMP,diurnal,13360,1.5241,2.4755,185.29,15,26,0,15,0.0,0.0314,-0.37566255732294074,154.45266444911948,0,26
72253312962,TMP,diurnal,11725,1.3376,2.1266,181.37,14,4,1,13,0.0714,0.0165,-1.6363853208957135,611.2525764152487,0,4
72253512909,TMP,diurnal,16437,1.8751,2.9045,176.71,18,106,1,17,0.0556,0.1734,-0.7602988706182527,293.96181199638204,0,106
72255012912,TMP,diurnal,15037,1.7154,2.6327,175.08,11,76,2,9,0.1818,0.1122,-0.22657850438910446,101.61152764597276,0,76
72255512935,TMP,diurnal,12101,1.3804,1.9787,163.51,12,12,1,11,0.0833,0.0494,-0.04196556862193902,35.56960298280203,0,12
72256013959,TMP,diurnal,13739,1.5673,2.6211,190.78,17,39,3,14,0.1765,0.0636,1.4803751233781046,-527.2656161438483,0,39
72257603902,TMP,diurnal,14472,1.6509,2.3701,163.77,21,28,5,16,0.2381,0.0995,-0.8402477998327396,324.55005886648166,0,28
72259003927,TMP,diurnal,13023,1.4856,2.2769,174.84,15,34,2,13,0.1333,0.1288,0.7682445501341513,-265.73195462464514,0,34
72259453909,TMP,diurnal,10249,1.1692,1.5186,148.17,13,14,0,13,0.0,0.0527,0.4773149695217398,-160.64041385648562,0,14
72261022010,TMP,diurnal,13064,1.4903,2.4175,185.05,15,17,2,13,0.1333,0.0658,0.47308495023445696,-154.73363784096716,0,17
72263023034,TMP,diurnal,12761,1.4557,2.4872,194.9,12,136,4,8,0.3333,0.1962,0.09424476856428363,-21.334802938182065,0,136
72265023023,TMP,diurnal,12340,1.4077,2.0845,168.92,17,13,2,15,0.1176,0.0439,-1.1984654996722086,449.4426686597089,0,13
72265623040,TMP,diurnal,9017,1.0286,1.5863,175.92,15,17,0,15,0.0,0.0846,-0.08545018246159569,44.9033528544745,0,17
72266013962,TMP,diurnal,12957,1.4781,2.2715,175.31,18,44,8,10,0.4444,0.1079,0.6487794668668858,-224.00530598170923,0,44
72267023042,TMP,diurnal,12438,1.4189,2.1661,174.15,9,72,1,8,0.1111,0.1704,0.20116047787071728,-63.307683305846055,0,72
72268023009,TMP,diurnal,12547,1.4313,2.0538,163.69,12,36,3,9,0.25,0.0906,0.11453345303759879,-31.03116099620455,0,36
72268623008,TMP,diurnal,10710,1.2218,1.8756,175.12,10,222,2,8,0.2,0.3371,0.47462395424629794,-163.93401373470005,0,222
72268793033,TMP,diurnal,9466,1.0799,1.3872,146.55,7,17,1,6,0.1429,0.0762,0.464618499028163,-154.99933255339573,0,17
72270023044,TMP,diurnal,11811,1.3474,2.1482,181.88,9,22,3,6,0.3333,0.0905,0.029125364555422473,6.106006550016293,0,22
72271093045,TMP,diurnal,11951,1.3633,2.0221,169.2,7,6,0,7,0.0,0.022,0.2384605858161234,-76.27479367832063,0,6
72274023160,TMP,diurnal,12071,1.377,2.0894,173.09,11,40,3,8,0.2727,0.1018,0.28705522495991065,-91.47891716821047,0,40
72274523109,TMP,diurnal,9995,1.1402,1.5956,159.64,11,140,1,10,0.0909,0.2012,0.03322124360515784,1.0997205878488034,0,140
72274793084,TMP,diurnal,8980,1.0244,1.1967,133.26,5,8,0,5,0.0,0.0334,-0.052196834826611194,28.83427051658355,0,8
72278023183,TMP,diurnal,11864,1.3534,2.1112,177.95,13,30,3,10,0.2308,0.0888,-0.22994039739806796,99.02889103317534,0,30
72286023119,TMP,diurnal,10606,1.2099,1.5625,147.32,2,64,0,2,0.0,0.1792,-0.00022810075315710804,10.44333204398476,0,64
72288023152,TMP,diurnal,10143,1.1571,1.7585,173.37,1,6,0,1,0.0,0.0274,-0.06040291991997336,32.79431132959215,0,6
72290023188,TMP,diurnal,13943,1.5906,2.3692,169.92,3,4,0,3,0.0,0.0164,-0.27044300081528516,112.77366901559066,0,4
72290693112,TMP,diurnal,9941,1.134,1.6029,161.24,4,92,2,2,0.5,0.1276,-0.15421564933694218,69.40711272283525,0,92
72292603154,TMP,diurnal,9045,1.0318,1.471,162.64,2,96,0,2,0.0,0.2842,-0.06747986804445227,37.865660979751944,0,96
72295023174,TMP,diurnal,13663,1.5586,2.4584,179.93,5,2,0,5,0.0,0.0109,0.01545695311858078,6.455986536588387,0,2
72303013714,TMP,diurnal,17062,1.9464,3.123,183.04,18,73,4,14,0.2222,0.28,-0.004356419185883144,12.306651754072893,0,73
72303593740,TMP,diurnal,11292,1.2882,1.8873,167.13,9,4,1,8,0.1111,0.0064,-0.5260235941218477,202.97997929419023,0,4
72306013722,TMP,diurnal,12843,1.4651,2.7867,216.98,11,9,1,10,0.0909,0.0328,1.093197155509436,-387.62795859931043,0,9
72306613713,TMP,diurnal,9509,1.0848,1.6238,170.76,9,342,2,7,0.2222,0.2128,-1.9843095997665792,736.3055082215394,0,342
72307513769,TMP,diurnal,10742,1.2254,1.6603,154.56,10,8,1,9,0.1,0.0437,0.8666547123478807,-302.90839996334284,0,8
72308013737,TMP,diurnal,13918,1.5877,2.6239,188.53,16,0,0,16,0.0,0.0,-1.552777322909432,579.0861432793088,0,0
72308513750,TMP,diurnal,10343,1.1799,1.7703,171.16,6,0,0,6,0.0,0.0,1.5292256287251982,-543.5825572857398,0,0
72308693741,TMP,diurnal,11503,1.3122,1.992,173.17,9,9,1,8,0.1111,0.0383,-2.6396371349056036,975.3810184230026,0,9
72309013754,TMP,diurnal,11155,1.2725,1.8058,161.89,6,9,1,5,0.1667,0.0336,0.3081920113947418,-102.21291148039924,0,9
72309593719,TMP,diurnal,12081,1.3782,1.9892,164.65,5,15,0,5,0.0,0.0291,0.8830119166179211,-310.07777514745305,0,15
72309693727,TMP,diurnal,10394,1.1857,1.7127,164.77,4,10,0,4,0.0,0.0485,-0.05039446533441643,29.565349112025814,0,10
72310013883,TMP,diurnal,13173,1.5027,2.3927,181.63,11,20,1,10,0.0909,0.085,-0.00855157474694207,14.22878449610426,0,20
72310613744,TMP,diurnal,11724,1.3374,1.8331,156.35,6,7,1,5,0.1667,0.0274,-0.13030779503410184,60.92836243833099,0,7
72311013873,TMP,diurnal,14064,1.6044,2.5972,184.67,14,0,0,14,0.0,0.0,0.011275777612313187,8.941035382182683,0,0
72312003870,TMP,diurnal,13758,1.5695,2.4948,181.33,9,8,0,9,0.0,0.0296,0.09068499539546632,-22.860958035656548,0,8
72313993729,TMP,diurnal,11488,1.3105,2.0657,179.81,10,1,0,10,0.0,0.0055,0.9538729503071587,-333.8128071989094,0,1
72314013881,TMP,diurnal,13416,1.5305,2.3698,176.64,14,13,0,14,0.0,0.0389,1.225514253203551,-436.9739448077068,0,13
72315003812,TMP,diurnal,15094,1.7219,2.6753,177.24,14,18,1,13,0.0714,0.0604,0.6466458039300239,-227.26569548084873,0,18
72317013723,TMP,diurnal,13342,1.522,2.5886,194.02,14,4,0,14,0.0,0.0185,0.5771199082110631,-201.6333792348876,0,4
72320093801,TMP,diurnal,13910,1.5868,2.4712,177.66,12,6,0,12,0.0,0.0219,0.6019027405725206,-208.17674032648048,0,6
72323003856,TMP,diurnal,13671,1.5595,2.3382,171.03,12,9,1,11,0.0833,0.0404,1.2970486828324244,-460.0652191320543,0,9
72323513896,TMP,diurnal,11236,1.2818,1.7013,151.42,8,9,1,7,0.125,0.0395,0.1500377785891991,-41.27064843015316,0,9
72324013882,TMP,diurnal,13326,1.5202,2.5713,192.95,11,9,1,10,0.0909,0.0395,0.7856353195431851,-273.5321339583143,0,9
72326013891,TMP,diurnal,13552,1.546,2.4504,180.81,10,15,2,8,0.2,0.0765,0.9084162984579136,-321.1367098162035,0,15
72327013897,TMP,diurnal,13029,1.4863,2.2598,173.44,13,0,0,13,0.0,0.0,1.2273807940727774,-434.7984721072328,0,0
72330003975,TMP,diurnal,11341,1.2937,1.8987,167.42,12,3,1,11,0.0833,0.0164,0.015409325331846295,4.016281116407183,0,3
72332093862,TMP,diurnal,14159,1.6152,2.5014,176.67,16,18,1,15,0.0625,0.0305,0.3072852034374268,-98.98043134786693,0,18
72334013893,TMP,diurnal,13526,1.543,2.459,181.8,17,20,2,15,0.1176,0.0771,0.3616280820637764,-118.7416069592442,0,20
72334603811,TMP,diurnal,11128,1.2695,1.9448,174.77,13,9,0,13,0.0,0.0224,0.3616316696395435,-119.72138979185488,0,9
72340313963,TMP,diurnal,10314,1.1766,1.6292,157.96,8,9,1,7,0.125,0.0247,-0.1461748797181102,64.3838523813656,0,9
72340503930,TMP,diurnal,12810,1.4613,2.3832,186.04,16,713,3,13,0.1875,0.2019,0.17452179650728955,-52.16336809295048,0,713
72341793988,TMP,diurnal,11059,1.2616,1.7111,154.72,11,2,0,11,0.0,0.0109,-0.021928792885381902,21.35959894841272,0,2
72341813977,TMP,diurnal,11895,1.3569,2.1214,178.34,11,22,3,8,0.2727,0.0516,0.48510866668358377,-162.1188551043826,0,22
72341993992,TMP,diurnal,11811,1.3474,2.0719,175.42,13,4,0,13,0.0,0.0219,-0.600096573136506,231.9925700769055,0,4
72344013964,TMP,diurnal,13628,1.5546,2.3195,170.2,11,11,2,9,0.1818,0.022,0.05548107896994449,-8.580535669093049,0,11
72344593993,TMP,diurnal,11046,1.2601,2.0639,186.84,7,20,0,7,0.0,0.0932,0.031685028134272805,-2.914463364850453,0,20
72349513987,TMP,diurnal,10683,1.2187,1.6104,150.75,10,11,1,9,0.1,0.0334,0.3857607088347759,-132.99684211475147,0,11
72351013966,TMP,diurnal,13086,1.4928,2.2441,171.49,9,14,1,8,0.1111,0.0384,0.09391387750216915,-22.966114552759585,0,14
72352593986,TMP,diurnal,10168,1.1599,1.484,145.95,6,30,0,6,0.0,0.0716,0.08373681691271812,-21.06689369003046,0,30
72353013967,TMP,diurnal,13100,1.4944,2.2633,172.77,12,7,1,11,0.0833,0.0374,0.3664195461430724,-124.28798735031492,0,7
72354013919,TMP,diurnal,10424,1.1891,1.6995,163.04,6,48,4,2,0.6667,0.1281,0.22670759990495687,-71.51296499736671,0,48
72354403954,TMP,diurnal,10491,1.1968,1.6259,154.98,5,6,1,4,0.2,0.0274,0.21817783703213328,-70.43452162080015,0,6
72356013968,TMP,diurnal,12789,1.4589,2.4482,191.43,14,16,2,12,0.1429,0.0702,-0.40561723846084996,158.1695495460353,0,16
72356693950,TMP,diurnal,11273,1.286,1.743,154.62,9,6,0,9,0.0,0.022,0.3240213743067919,-105.70412684788478,0,6
72360023051,TMP,diurnal,12673,1.4457,2.1784,171.89,12,23,4,8,0.3333,0.0908,0.16840260978101307,-56.186856947405886,0,23
72362723081,TMP,diurnal,9955,1.1356,1.4844,149.11,2,55,2,0,1.0,0.2237,0.28717521726750256,-102.6598342576715,0,55
72363023047,TMP,diurnal,13169,1.5023,2.4415,185.4,16,23,2,14,0.125,0.0796,0.44782829309536387,-156.14639169134918,0,23
72365023050,TMP,diurnal,12169,1.3882,2.0325,167.02,8,29,2,6,0.25,0.0888,0.10884601549267875,-32.72258574578573,0,29
72365823090,TMP,diurnal,9266,1.057,1.3059,140.93,7,8,0,7,0.0,0.0384,0.14930207359332826,-52.57580921665789,0,8
72370093167,TMP,diurnal,12186,1.3901,2.2568,185.19,4,27,1,3,0.25,0.0952,-0.013744050823314348,13.360666718068398,0,27
72371003162,TMP,diurnal,11405,1.301,1.9562,171.52,13,7,1,12,0.0769,0.0223,0.15255694594538594,-48.96266973516859,0,7
72372323184,TMP,diurnal,9642,1.0999,1.2977,134.59,6,21,1,5,0.1667,0.0955,0.16544895375912172,-52.67786762789089,0,21
72374023194,TMP,diurnal,11709,1.3357,2.3923,204.31,3,50,1,2,0.3333,0.1407,0.5090906890582444,-181.92231761025982,0,50
72378303195,TMP,diurnal,10156,1.1586,1.8008,177.31,6,100,2,4,0.3333,0.3296,0.05696119737949318,-21.185823149713435,0,100
72381523161,TMP,diurnal,8984,1.0249,1.1351,126.35,6,4,0,6,0.0,0.0219,0.04743988867816056,-5.52168033473319,0,4
72381603159,TMP,diurnal,8997,1.0264,1.3687,152.13,0,50,0,0,,0.1974,-0.06516251178748234,33.75266056828238,0,50
72384023155,TMP,diurnal,12628,1.4406,2.1468,170.01,12,10,1,11,0.0833,0.0415,0.3482262909894024,-116.63973110930127,0,10
72386023169,TMP,diurnal,11947,1.3629,2.2153,185.43,13,12,1,12,0.0769,0.0523,0.03783804819204209,-2.683571049048897,0,12
72387003160,TMP,diurnal,11585,1.3216,1.8576,160.35,6,10,0,6,0.0,0.0397,-0.0607782683822451,30.613345872462023,0,10
72389093193,TMP,diurnal,12348,1.4086,2.2467,181.95,6,4,0,6,0.0,0.0219,-0.09191585232601593,41.74445021952064,0,4
72392523190,TMP,diurnal,11039,1.2593,2.0046,181.59,6,9,0,6,0.0,0.0445,0.035232819151891005,-2.3572200160708823,0,9
72392623136,TMP,diurnal,12229,1.395,2.0739,169.59,6,14,2,4,0.3333,0.0503,-0.17933205033215296,75.08529403910998,0,14
72394023273,TMP,diurnal,15376,1.754,2.4706,160.68,2,39,0,2,0.0,0.1093,0.07394935335027705,-13.875509407474551,0,39
72396593209,TMP,diurnal,10737,1.2248,1.9362,180.33,3,65,1,2,0.3333,0.2528,-0.0714542713566422,34.610951978295766,0,65
72401013740,TMP,diurnal,13294,1.5165,2.7163,204.33,12,3,0,12,0.0,0.0109,0.5512024254930696,-191.607293728212,0,3
72403093738,TMP,diurnal,13132,1.4981,2.1996,167.5,10,10,1,9,0.1,0.0386,-2.3536540943032023,867.4024865750026,0,10
72403513773,TMP,diurnal,11019,1.257,1.6343,148.32,13,24,0,13,0.0,0.0362,0.21103275275993255,-66.88219328761302,0,24
72404013721,TMP,diurnal,10900,1.2434,1.7541,160.93,8,4,1,7,0.125,0.0219,-0.35850588264827976,142.43743089892774,0,4
72405013743,TMP,diurnal,13834,1.5781,2.457,177.61,21,7,1,20,0.0476,0.0329,-1.1367249428994148,425.33371789028166,0,7
72406093721,TMP,diurnal,13148,1.4999,2.2055,167.74,14,17,3,11,0.2143,0.06,0.2843844205648161,-95.72619237992537,0,17
72407093730,TMP,diurnal,14431,1.6462,2.3219,160.9,16,6,2,14,0.125,0.0182,0.03522705766814024,-5.168577175662364,0,6
72407513735,TMP,diurnal,11289,1.2878,2.154,190.8,11,27,1,10,0.0909,0.0583,-2.1107677209373583,779.0090708785265,0,27
72408013739,TMP,diurnal,13861,1.5812,2.3211,167.45,18,3,1,17,0.0556,0.0164,1.3056368582249673,-468.22192506303395,0,3
72408594732,TMP,diurnal,11314,1.2907,1.7012,150.37,12,3,0,12,0.0,0.0164,0.23004234054955466,-72.999772311749,0,3
72408813707,TMP,diurnal,13503,1.5404,2.1218,157.14,18,53,2,16,0.1111,0.1257,-2.195395319446552,812.1033619047536,0,53
72409614706,TMP,diurnal,14009,1.5981,2.2834,163.0,15,79,5,10,0.3333,0.1831,0.8736699270644751,-310.1299382342288,0,79
72410013733,TMP,diurnal,12941,1.4763,2.0759,160.41,9,141,1,8,0.1111,0.1154,-0.03679660117924441,19.9078493882932,0,141
72411013741,TMP,diurnal,13206,1.5065,2.0933,158.51,9,7,1,8,0.1111,0.0268,-0.423159827235295,159.8995715894991,0,7
72412003872,TMP,diurnal,15594,1.7789,2.4243,155.47,24,4,2,22,0.0833,0.0174,2.008435762798064,-726.7128451128908,0,4
72414013866,TMP,diurnal,12757,1.4553,2.1769,170.64,15,19,2,13,0.1333,0.0769,0.1923137142273884,-63.525349579389705,0,19
72417013729,TMP,diurnal,16588,1.8923,2.6525,159.9,25,27,6,19,0.24,0.1109,0.11376065644199541,-37.13068078186828,0,27
72417613736,TMP,diurnal,11705,1.3353,1.6567,141.54,16,17,2,14,0.125,0.0713,2.2544529602581536,-815.5405665186031,0,17
72417713734,TMP,diurnal,11217,1.2796,1.5588,138.97,9,3,0,9,0.0,0.0164,0.19848261394976008,-63.5730161422801,0,3
