station,year,field,days,n,dropped_quality,dropped_missing,dropped_repeat,n_days,dropped_days,coef_bytes,gram_bytes,grid_bytes,raw_bytes,npz_bytes,seconds,error
70026027502,2024,TMP,366,9495,2707,432,5,231,125,31616,539072,142648,6746378,596968,0.322,
70063727406,2024,TMP,366,13203,158,512,5,364,2,49704,846568,203160,7850067,914520,0.207,
70133026616,2024,TMP,366,14696,56,484,49,363,3,49568,844256,234712,8296187,925706,0.185,
70174026533,2024,TMP,366,12389,48,379,24,365,1,49840,848880,197152,7507837,908166,0.169,
70200026617,2024,TMP,366,16013,39,382,74,364,2,49704,846568,255408,9207822,939301,0.189,
70219026615,2024,TMP,366,16773,17,452,80,366,0,49976,851192,268368,9625526,950844,0.196,
70222026501,2024,TMP,366,11097,339,366,2,360,3,49160,837320,155568,6264345,863308,0.169,
70231026510,2024,TMP,366,13761,25,5132,2157,360,6,49160,837320,219720,9686966,910900,0.204,
70251026528,2024,TMP,366,13832,27,393,18,362,4,49432,841944,220400,7687240,912770,0.357,
70259026523,2024,TMP,366,11124,1,383,0,366,0,49976,851192,147840,6401477,864507,0.163,
70261026411,2024,TMP,366,12525,105,391,10,366,0,49976,851192,199632,7969621,909813,0.174,
70267026415,2024,TMP,366,13454,65,391,18,366,0,49976,851192,214312,8071766,919130,0.176,
70271026425,2024,TMP,366,13386,2,381,16,365,1,49840,848880,211944,7300778,913934,0.168,
70272026401,2024,TMP,366,10231,39,215,1,360,6,49160,837320,146048,5588846,862606,0.152,
70272526491,2024,TMP,366,10950,4,411,3,364,2,49704,846568,139096,6408271,848703,0.157,
70273026451,2024,TMP,366,13258,13,364,37,365,1,49840,848880,211040,8299928,913946,0.171,
70273526409,2024,TMP,366,10211,3,356,3,364,2,49704,846568,131648,5905069,848594,0.322,
70291026412,2024,TMP,366,9590,34,654,1,336,20,45896,781832,117968,5576376,777381,0.141,
70296026410,2024,TMP,366,11408,10,1765,0,312,11,42632,726344,169584,7687018,774954,0.152,
70308025713,2024,TMP,366,17959,3,376,6,361,5,49296,839632,285744,10581033,958573,0.199,
70316025624,2024,TMP,366,18075,1,611,59,358,3,48888,832696,288968,10757666,947861,0.195,
70326025503,2024,TMP,366,15012,45,496,22,361,5,49296,839632,239064,8599450,923180,0.191,
70340025506,2024,TMP,366,13302,85,370,24,359,6,49024,835008,211264,7730921,903711,0.164,
70341025507,2024,TMP,366,10229,53,365,0,354,12,48344,823448,132640,5955069,829161,0.149,
70350025501,2024,TMP,366,17122,4,402,60,366,0,49976,851192,273184,9817202,952705,0.349,
70361025339,2024,TMP,366,18295,21,390,60,361,5,49296,839632,292008,10236596,954321,0.205,
70371025333,2024,TMP,366,11929,89,382,2,365,1,49840,848880,174312,7334237,891027,0.168,
70381025309,2024,TMP,366,13902,3,499,26,365,1,49840,848880,221720,8776692,922682,0.195,
70395025325,2024,TMP,366,12022,183,495,3,355,11,48480,825760,190872,7364696,893807,0.165,
72201012836,2024,TMP,366,13016,33,1242,33,360,6,49160,837320,206488,7950451,904381,0.16,
72201512850,2024,TMP,366,10330,1,665,7,353,13,48208,821136,162760,6174963,872059,0.144,
72202012839,2024,TMP,366,12734,9,358,6,366,0,49976,851192,202592,7869256,911125,0.161,
72202612826,2024,TMP,366,14275,96,283,11,355,10,48480,825760,222224,7217877,903502,0.332,
72202912888,2024,TMP,366,10651,5,533,2,351,11,47936,816512,151072,6379079,845075,0.176,
72203012844,2024,TMP,366,12447,14,360,6,366,0,49976,851192,197616,7714124,907056,0.154,
72204012838,2024,TMP,366,11047,4,364,1,364,2,49704,846568,151376,6536755,866668,0.146,
72205012815,2024,TMP,366,12417,460,358,7,360,6,49160,837320,197720,7791574,898410,0.157,
72205312841,2024,TMP,366,10984,36,395,1,363,3,49568,844256,151144,6390039,865434,0.146,
72205712854,2024,TMP,366,10871,13,362,1,365,1,49840,848880,147376,6231399,865434,0.146,
72206013889,2024,TMP,366,13288,12,393,5,366,0,49976,851192,211456,8163309,917806,0.162,
72206593837,2024,TMP,366,10720,17,397,9,366,0,49976,851192,169408,6373341,903030,0.315,
72207003822,2024,TMP,366,13485,22,396,9,365,1,49840,848880,214480,8160287,916754,0.177,
72208013880,2024,TMP,366,12746,9,408,2,366,0,49976,851192,202440,7564589,910464,0.193,
72208593831,2024,TMP,366,11459,18,346,2,365,1,49840,848880,156768,6305178,868783,0.145,
72210612835,2024,TMP,366,11031,15,378,1,365,1,49840,848880,151272,6545208,869066,0.145,
72210812894,2024,TMP,366,9667,21,1611,0,322,7,43992,749464,139600,6260103,778087,0.138,
72211012842,2024,TMP,366,12899,24,406,20,363,3,49568,844256,205216,7740883,906868,0.159,
72211612873,2024,TMP,366,10097,79,525,3,333,26,45488,774896,135424,6092325,790348,0.134,
72212012833,2024,TMP,366,12177,5328,243,3,221,4,30256,515952,194640,7479762,570127,0.283,
72213713878,2024,TMP,366,17618,8251,231,0,364,1,49704,846568,281776,12191355,922967,0.192,
72214093805,2024,TMP,366,14014,28,360,23,365,1,49840,848880,223392,8012871,923360,0.16,
72216013869,2024,TMP,366,11127,18,378,0,366,0,49976,851192,148272,6484898,865063,0.144,
72216693845,2024,TMP,366,11687,75,419,2,359,4,49024,835008,165088,6684897,868103,0.152,
72217003813,2024,TMP,366,13730,9,412,29,363,3,49568,844256,218928,7667996,915452,0.158,
72217513860,2024,TMP,366,13341,57,191,2,363,3,49568,844256,195936,6371460,893979,0.153,
72218003820,2024,TMP,366,14221,20,386,44,357,3,48752,830384,226120,7992030,907661,0.162,
72219013874,2024,TMP,366,13048,17,379,4,366,0,49976,851192,207616,8371968,913567,0.343,
72219503888,2024,TMP,366,10909,1,380,0,366,0,49976,851192,140752,6241745,856322,0.162,
72221013858,2024,TMP,366,15293,165,257,10,358,7,48888,832696,231952,7797875,905268,0.154,
72222313899,2024,TMP,366,11936,4,414,0,364,2,49704,846568,170496,6974755,882939,0.149,
72222503855,2024,TMP,366,8967,20,358,15,320,46,43720,744840,136136,5264695,785359,0.132,
72223013894,2024,TMP,366,14094,19,378,8,365,1,49840,848880,224088,8233760,923013,0.164,
72225013829,2024,TMP,366,15152,301,815,6,334,24,45624,777208,236352,7210160,860545,0.149,
72225593842,2024,TMP,366,11155,1,384,5,362,2,49432,841944,143664,6542001,849435,0.152,
72226013895,2024,TMP,366,14011,10,401,31,364,2,49704,846568,223016,7667663,919927,0.328,
72226903850,2024,TMP,366,16917,96,185,6,363,3,49568,844256,270344,8234439,951078,0.172,
72228013876,2024,TMP,366,10813,5,397,3,366,0,49976,851192,139984,6584225,857233,0.144,
72228693806,2024,TMP,366,11278,12,428,1,362,4,49432,841944,151256,6514033,859014,0.144,
72228713871,2024,TMP,366,10874,8,377,0,349,0,47664,811888,143864,6385627,824898,0.143,
72231012916,2024,TMP,366,13946,9,387,35,366,0,49976,851192,222176,8348341,923553,0.164,
72231553917,2024,TMP,366,11874,10,372,1,362,4,49432,841944,163488,7006148,868561,0.153,
72234013865,2024,TMP,366,14257,6,372,7,365,1,49840,848880,226552,7935011,923853,0.163,
72235003940,2024,TMP,366,14127,15,379,3,366,0,49976,851192,224880,8246727,923450,0.338,
72235893919,2024,TMP,366,12413,5,369,2,365,1,49840,848880,171464,6967970,878588,0.153,
72239003931,2024,TMP,366,13126,28,201,12,361,5,49296,839632,192280,6535945,882217,0.182,
72240003937,2024,TMP,366,15919,13,423,54,366,0,49976,851192,253584,9083307,942239,0.173,
72240513976,2024,TMP,366,12386,4,406,3,365,1,49840,848880,177952,7274184,889406,0.16,
72241012917,2024,TMP,366,15919,3,390,71,366,0,49976,851192,253400,9262437,942191,0.175,
72243012960,2024,TMP,366,13056,16,378,2,366,0,49976,851192,207744,8076088,915204,0.161,
72244693987,2024,TMP,366,12203,4,658,1,358,3,48888,832696,170696,7294544,865568,0.149,
72248013957,2024,TMP,366,12948,2560,354,33,329,37,44944,765648,203432,8467517,839729,0.337,
72248613942,2024,TMP,366,11683,7,440,5,361,5,49296,839632,162000,6792643,867365,0.151,
72250012919,2024,TMP,366,14932,31,639,29,366,0,49976,851192,238336,8982395,936396,0.172,
72250612959,2024,TMP,366,11957,16,370,0,365,1,49840,848880,184672,6963488,907453,0.156,
72251012924,2024,TMP,366,13729,79,383,6,366,0,49976,851192,218704,8897299,922054,0.165,
72251512926,2024,TMP,366,7690,11,4332,30,261,48,35696,608432,113504,6558861,639170,0.138,
72251712932,2024,TMP,366,12751,7,662,0,365,1,49840,848880,189368,7419977,902174,0.158,
72253012921,2024,TMP,366,13360,26,362,11,365,1,49840,848880,213104,7972837,915940,0.199,
72253312962,2024,TMP,366,11725,4,377,5,364,1,49704,846568,164280,6690824,877693,0.33,
72253512909,2024,TMP,366,16437,106,340,8,361,5,49296,839632,256360,8652506,929102,0.168,
72255012912,2024,TMP,366,15037,76,376,31,361,5,49296,839632,239432,8525158,923890,0.169,
72255512935,2024,TMP,366,12101,12,491,1,355,5,48480,825760,176376,7069035,870790,0.149,
72256013959,2024,TMP,366,13739,39,393,18,361,5,49296,839632,219080,7672591,910023,0.161,
72257603902,2024,TMP,366,14472,28,373,10,363,3,49568,844256,219080,7603467,907069,0.179,
72259003927,2024,TMP,366,13023,34,391,10,366,0,49976,851192,207024,7808227,913876,0.168,
72259453909,2024,TMP,366,10249,14,378,1,366,0,49976,851192,126736,6279320,844857,0.145,
72261022010,2024,TMP,366,13064,17,379,5,366,0,49976,851192,207720,7229174,915355,0.198,
72263023034,2024,TMP,366,12761,136,359,16,363,3,49568,844256,202952,7083228,904764,0.164,
72265023023,2024,TMP,366,12340,13,366,13,359,2,49024,835008,195784,6750686,890944,0.156,
72265623040,2024,TMP,366,9017,17,381,1,343,16,46848,798016,103592,4968976,778232,0.127,
72266013962,2024,TMP,366,12957,44,538,12,359,7,49024,835008,205448,7344019,897601,0.16,
72267023042,2024,TMP,366,12438,72,378,8,365,1,49840,848880,197552,7554053,905102,0.174,
72268023009,2024,TMP,366,12547,36,392,7,363,3,49568,844256,199456,6879592,899730,0.159,
72268623008,2024,TMP,366,10710,222,135,3,357,8,48752,830384,158536,5326294,867219,0.14,
72268793033,2024,TMP,366,9466,17,378,1,366,0,49976,851192,109984,5290128,829513,0.136,
72270023044,2024,TMP,366,11811,22,378,2,366,0,49976,851192,187440,7096832,896340,0.152,
72271093045,2024,TMP,366,11951,6,358,4,365,1,49840,848880,189792,6382397,898335,0.159,
72274023160,2024,TMP,366,12071,40,353,12,364,2,49704,846568,192216,6462725,899115,0.152,
72274523109,2024,TMP,366,9995,140,111,3,358,7,48888,832696,133032,4751020,840494,0.137,
72274793084,2024,TMP,366,8980,8,356,1,357,7,48752,830384,98104,4925957,800315,0.134,
72278023183,2024,TMP,366,11864,30,348,4,366,0,49976,851192,188096,6792888,897381,0.169,
72286023119,2024,TMP,366,10606,64,340,3,362,4,49432,841944,138656,5184010,847472,0.139,
72288023152,2024,TMP,366,10143,6,425,2,366,0,49976,851192,128112,5693478,848198,0.135,
72290023188,2024,TMP,366,13943,4,364,21,366,0,49976,851192,222512,7893955,924642,0.164,
72290693112,2024,TMP,366,9941,92,802,11,352,14,48072,818824,145080,5969961,849443,0.182,
72292603154,2024,TMP,366,9045,96,437,4,264,102,36104,615368,131056,4432449,655920,0.109,
72295023174,2024,TMP,366,13663,2,373,11,366,0,49976,851192,218224,8164095,922561,0.164,
72303013714,2024,TMP,366,17062,73,191,0,361,5,49296,839632,272560,8350265,948304,0.19,
72303593740,2024,TMP,366,11292,4,420,2,366,0,49976,851192,147648,6677776,861412,0.149,
72306013722,2024,TMP,366,12843,9,359,5,365,1,49840,848880,204248,7870425,907993,0.181,
72306613713,2024,TMP,366,9509,342,309,11,307,35,41952,714784,138720,4980098,747750,0.123,
72307513769,2024,TMP,366,10742,8,332,6,365,1,49840,848880,143584,6104525,859626,0.145,
72308013737,2024,TMP,366,13918,0,383,21,365,1,49840,848880,221848,7832162,919423,0.164,
72308513750,2024,TMP,366,10343,0,3,354,364,2,49704,846568,131480,6059559,842053,0.144,
72308693741,2024,TMP,366,11503,9,393,0,363,3,49568,844256,157728,6564988,866721,0.149,
72309013754,2024,TMP,366,11155,9,251,12,365,1,49840,848880,152944,6019987,868157,0.168,
72309593719,2024,TMP,366,12081,15,377,1,366,0,49976,851192,165664,7243099,875669,0.152,
72309693727,2024,TMP,366,10394,10,334,2,328,32,44808,763336,142800,5827629,785675,0.135,
72310013883,2024,TMP,366,13173,20,473,3,366,0,49976,851192,209616,7840410,915228,0.161,
72310613744,2024,TMP,366,11724,7,378,1,366,0,49976,851192,158592,6804482,871389,0.152,
72311013873,2024,TMP,366,14064,0,380,9,363,1,49568,844256,224152,7718473,916345,0.16,
72312003870,2024,TMP,366,13758,8,376,37,364,0,49704,846568,218824,7882971,916441,0.164,
72313993729,2024,TMP,366,11488,1,387,6,365,1,49840,848880,153536,6892504,865883,0.18,
72314013881,2024,TMP,366,13416,13,380,11,366,0,49976,851192,213696,8133162,917624,0.183,
72315003812,2024,TMP,366,15094,18,449,11,364,1,49704,846568,240112,8703677,927750,0.175,
72317013723,2024,TMP,366,13342,4,395,4,366,0,49976,851192,212128,8279920,915470,0.206,
72320093801,2024,TMP,366,13910,6,411,22,364,2,49704,846568,221488,7521499,918745,0.16,
72323003856,2024,TMP,366,13671,9,393,15,366,0,49976,851192,217008,8079303,919920,0.171,
72323513896,2024,TMP,366,11236,9,361,0,365,1,49840,848880,149168,6454389,862780,0.149,
72324013882,2024,TMP,366,13326,9,381,19,366,0,49976,851192,212064,7962337,917208,0.165,
72326013891,2024,TMP,366,13552,14,397,26,365,1,49840,848880,215832,8033296,918125,0.169,
72327013897,2024,TMP,366,13029,0,388,14,366,0,49976,851192,206736,7872915,912779,0.18,
72330003975,2024,TMP,366,11341,3,365,2,365,1,49840,848880,149296,6451778,861048,0.147,
72332093862,2024,TMP,366,14159,13,371,35,365,1,49840,848880,224936,7959825,922626,0.165,
72334013893,2024,TMP,366,13526,16,364,338,365,1,49840,848880,214768,8134152,915226,0.167,
72334603811,2024,TMP,366,11128,9,357,1,365,1,49840,848880,147624,6482317,862335,0.151,
72340313963,2024,TMP,366,10314,9,444,3,366,0,49976,851192,131096,6316596,850167,0.145,
72340503930,2024,TMP,366,12810,713,374,5,326,25,44536,758712,190120,7067826,811869,0.143,
72341793988,2024,TMP,366,11059,2,367,3,360,5,49160,837320,145632,6238305,849601,0.147,
72341813977,2024,TMP,366,11895,22,384,2,365,1,49840,848880,165096,6873776,876800,0.171,
72341993992,2024,TMP,366,11811,4,585,1,355,5,48480,825760,159328,6949441,847559,0.152,
72344013964,2024,TMP,366,13628,11,418,323,366,0,49976,851192,216704,7792975,919132,0.163,
72344593993,2024,TMP,366,11046,20,696,4,366,0,49976,851192,145440,6594023,861281,0.163,
72349513987,2024,TMP,366,10683,11,408,3,366,0,49976,851192,133296,6285761,848190,0.144,
72351013966,2024,TMP,366,13086,14,354,9,365,1,49840,848880,208152,7436986,911199,0.159,
72352593986,2024,TMP,366,10168,30,483,1,355,11,48480,825760,123472,5842529,817913,0.142,
72353013967,2024,TMP,366,13100,7,368,11,365,1,49840,848880,208736,7969989,911617,0.165,
72354013919,2024,TMP,366,10424,48,131,4,354,12,48344,823448,141488,5100409,834502,0.154,
72354403954,2024,TMP,366,10491,6,362,1,365,1,49840,848880,135888,5965031,853148,0.144,
72356013968,2024,TMP,366,12789,16,371,10,365,1,49840,848880,203960,7671935,909823,0.161,
72356693950,2024,TMP,366,11273,6,366,2,365,1,49840,848880,144176,6691463,853747,0.149,
72360023051,2024,TMP,366,12673,23,427,1,363,3,49568,844256,200480,7076730,903621,0.159,
72362723081,2024,TMP,366,9955,55,511,1,360,2,49160,837320,125072,5855005,832776,0.138,
72363023047,2024,TMP,366,13169,22,407,18,363,3,49568,844256,208848,7277030,907576,0.165,
72365023050,2024,TMP,366,12169,29,377,6,366,0,49976,851192,193744,7508970,902937,0.195,
72365823090,2024,TMP,366,9266,8,583,2,348,18,47528,809576,103640,5456661,785311,0.153,
72370093167,2024,TMP,366,12186,27,386,4,366,0,49976,851192,193824,6394418,901383,0.151,
72371003162,2024,TMP,366,11405,7,370,7,357,3,48752,830384,177296,5855764,871904,0.147,
72372323184,2024,TMP,366,9642,21,353,2,363,3,49568,844256,111136,5342981,822215,0.139,
72374023194,2024,TMP,366,11709,50,590,0,356,3,48616,828072,185888,6268863,877835,0.155,
72378303195,2024,TMP,366,10156,100,404,3,366,0,49976,851192,129664,5983538,848161,0.147,
72381523161,2024,TMP,366,8984,4,389,0,365,1,49840,848880,92968,4948554,809027,0.136,
72381603159,2024,TMP,366,8997,50,362,0,363,3,49568,844256,97896,4852603,809033,0.138,
72384023155,2024,TMP,366,12628,10,428,2,365,1,49840,848880,201152,6775284,904390,0.173,
72386023169,2024,TMP,366,11947,12,381,5,366,0,49976,851192,189808,6892139,902079,0.154,
72387003160,2024,TMP,366,11585,10,384,2,364,2,49704,846568,183048,6054245,892225,0.15,
72389093193,2024,TMP,366,12348,4,378,6,366,0,49976,851192,196032,7415500,904914,0.16,
72392523190,2024,TMP,366,11039,9,365,6,364,2,49704,846568,151840,6238692,867006,0.151,
72392623136,2024,TMP,366,12229,14,396,1,365,1,49840,848880,171800,6581073,881089,0.152,
72394023273,2024,TMP,366,15376,39,367,25,365,1,49840,848880,245136,8361909,934454,0.28,
72396593209,2024,TMP,366,10737,65,374,4,365,1,49840,848880,148256,5947889,868812,0.161,
72401013740,2024,TMP,366,13294,3,360,2,365,1,49840,848880,211456,7877990,913011,0.192,
72403093738,2024,TMP,366,13132,10,376,5,366,0,49976,851192,209152,7990751,914537,0.163,
72403513773,2024,TMP,366,11019,24,343,1,365,1,49840,848880,147112,6056945,860774,0.15,
72404013721,2024,TMP,366,10900,4,378,5,365,1,49840,848880,144000,6251965,860031,0.16,
72405013743,2024,TMP,366,13834,7,389,351,366,0,49976,851192,220384,8601276,920873,0.193,
72406093721,2024,TMP,366,13148,17,379,4,366,0,49976,851192,209408,8363300,913356,0.247,
72407093730,2024,TMP,366,14431,6,469,3,363,3,49568,844256,229424,8338488,919744,0.199,
72407513735,2024,TMP,366,11289,27,378,0,362,2,49432,841944,149992,6513038,855600,0.154,
72408013739,2024,TMP,366,13861,3,367,17,365,1,49840,848880,220736,8466923,918963,0.185,
72408594732,2024,TMP,366,11314,3,371,2,363,3,49568,844256,155432,6401129,865537,0.148,
72408813707,2024,TMP,366,13503,53,180,12,364,2,49704,846568,201048,6539180,902468,0.151,
72409614706,2024,TMP,366,14009,79,185,13,363,3,49568,844256,211200,6744330,906786,0.155,
72410013733,2024,TMP,366,12941,141,363,6,362,4,49432,841944,205872,7398640,911137,0.159,
72411013741,2024,TMP,366,13206,7,367,0,365,1,49840,848880,210072,7661765,911174,0.165,
72412003872,2024,TMP,366,15594,4,378,30,364,1,49704,846568,248800,9134467,933705,0.175,
72414013866,2024,TMP,366,12757,19,378,0,366,0,49976,851192,203344,7982168,910590,0.167,
72417013729,2024,TMP,366,16588,27,379,42,366,0,49976,851192,265216,9610488,948996,0.188,
72417613736,2024,TMP,366,11705,17,367,7,365,1,49840,848880,160136,6931435,872360,0.151,
72417713734,2024,TMP,366,11217,3,378,3,365,1,49840,848880,143112,6794128,852759,0.164,
72421093814,2024,TMP,366,13742,12,379,15,366,0,49976,851192,219104,8597587,921336,0.17,
72422093820,2024,TMP,366,14271,3,412,310,366,0,49976,851192,226992,8306265,924828,0.17,
72423093821,2024,TMP,366,13821,7,393,12,366,0,49976,851192,220560,8340343,923484,0.17,
72423513810,2024,TMP,366,11442,7,492,4,360,2,49160,837320,152096,6609832,853183,0.191,
72424013807,2024,TMP,366,17972,92,264,5,360,4,49160,837320,287352,9231577,955450,0.228,
72425003860,2024,TMP,366,14084,11,387,24,366,0,49976,851192,224384,8086109,923135,0.164,
72427303804,2024,TMP,366,10816,23,426,6,365,1,49840,848880,146688,6587794,865174,0.15,
72428014821,2024,TMP,366,13263,9,379,4,366,0,49976,851192,211440,8077551,915602,0.168,
72428693824,2024,TMP,366,11719,5,383,5,364,2,49704,846568,156280,6777597,864404,0.146,
72429093815,2024,TMP,366,13940,14,378,2,366,0,49976,851192,222304,8528915,923911,0.17,
72429793812,2024,TMP,366,12264,15,437,4,364,2,49704,846568,174864,7426339,884631,0.158,
72432093817,2024,TMP,366,13828,6,408,6,366,0,49976,851192,220288,7918527,920608,0.168,
72433813802,2024,TMP,366,12482,45,207,0,360,6,49160,837320,182192,6333296,880330,0.151,
72434013994,2024,TMP,366,13511,15,374,57,365,1,49840,848880,214912,8329329,915570,0.167,
72434503966,2024,TMP,366,10998,4,367,1,365,1,49840,848880,146472,6454705,860659,0.151,
72435003816,2024,TMP,366,14073,22,366,15,365,1,49840,848880,223912,8039233,922305,0.168,
72438093819,2024,TMP,366,13791,6,378,11,366,0,49976,851192,220080,8468671,921954,0.182,
72438614835,2024,TMP,366,11655,6,377,3,366,0,49976,851192,162672,6816429,878472,0.152,
72439093822,2024,TMP,366,10579,16,613,4,349,17,47664,811888,138352,6555449,823749,0.141,
72440013995,2024,TMP,366,13674,4,358,14,365,1,49840,848880,217928,7880430,917405,0.164,
72445003945,2024,TMP,366,13430,13,402,45,366,0,49976,851192,214112,7586821,916504,0.163,
72446003947,2024,TMP,366,13186,19,362,21,366,0,49976,851192,210016,7859505,915863,0.162,
72446313988,2024,TMP,366,10542,18,364,1,365,1,49840,848880,133216,5950712,847452,0.145,
72446713930,2024,TMP,366,11558,188,183,4,357,8,48752,830384,166792,5714088,865992,0.143,
72450003928,2024,TMP,366,12912,56,380,15,366,0,49976,851192,206016,8120085,913565,0.158,
72450503923,2024,TMP,366,12162,71,154,10,358,8,48888,832696,174160,6029199,866764,0.15,
72451013985,2024,TMP,366,13360,27,449,17,363,3,49568,844256,212336,7532945,909193,0.162,
72451523064,2024,TMP,366,10293,38,381,2,366,0,49976,851192,127832,6006997,844509,0.141,
72452003957,2024,TMP,366,8751,26,348,0,365,1,49840,848880,81768,4116238,791008,0.125,
72456013996,2024,TMP,366,13536,63,543,24,358,8,48888,832696,215168,7432153,902126,0.16,
72456513920,2024,TMP,366,10763,21,420,0,366,0,49976,851192,139960,6163542,858056,0.145,
72458013984,2024,TMP,366,13631,13,388,6,365,1,49840,848880,216488,7356955,916349,0.176,
72458593997,2024,TMP,366,10498,19,383,1,364,2,49704,846568,133432,5862186,847372,0.147,
72458603919,2024,TMP,366,10251,17,411,1,364,2,49704,846568,126752,5818094,840788,0.148,
72462023061,2024,TMP,366,12879,46,463,156,366,0,49976,851192,204720,7187066,910459,0.16,
72463523067,2024,TMP,366,9849,25,482,0,361,2,49296,839632,120752,5703665,830067,0.136,
72464093058,2024,TMP,366,12436,66,468,16,360,6,49160,837320,197144,6820064,894419,0.153,
72464523070,2024,TMP,366,10202,25,349,1,365,1,49840,848880,128400,5703618,844080,0.143,
72465023065,2024,TMP,366,13099,28,451,10,364,2,49704,846568,207856,7279466,909707,0.16,
72466093037,2024,TMP,366,10266,23,761,4,366,0,49976,851192,141216,6858314,865600,0.153,
72466593010,2024,TMP,366,10514,55,398,0,366,0,49976,851192,136160,5738079,853843,0.142,
72466693067,2024,TMP,366,9835,30,373,1,365,1,49840,848880,123448,6226745,843443,0.143,
72469523036,2024,TMP,366,9556,13,126,0,366,0,49976,851192,112528,5172873,829387,0.136,
72469824015,2024,TMP,366,10807,30,407,0,365,1,49840,848880,134840,6207094,845356,0.218,
72470093141,2024,TMP,366,8792,16,437,1,318,41,43448,740216,103128,4959886,726587,0.144,
72475593129,2024,TMP,366,9938,26,390,2,366,0,49976,851192,118112,5655021,835799,0.142,
72476023066,2024,TMP,366,12724,16,394,22,365,1,49840,848880,202680,7071197,909336,0.16,
72476593013,2024,TMP,366,9949,5,383,0,365,1,49840,848880,118168,5713056,833354,0.138,
72480023157,2024,TMP,366,11720,60,381,1,365,1,49840,848880,186240,6156476,896254,0.151,
72483023232,2024,TMP,366,10260,3,381,1,366,0,49976,851192,120200,5629559,833920,0.136,
72483993225,2024,TMP,366,9566,1,373,1,365,1,49840,848880,106552,5454164,821003,0.141,
72485523153,2024,TMP,366,9331,15,364,0,363,3,49568,844256,100424,5120167,807633,0.133,
72486023154,2024,TMP,366,12864,76,388,12,365,1,49840,848880,205112,7076892,910294,0.155,
72488023185,2024,TMP,366,12015,12,360,1,365,1,49840,848880,191176,6818329,899369,0.154,
72492023237,2024,TMP,366,12722,4,379,7,366,0,49976,851192,202592,6589932,909702,0.158,
72493023230,2024,TMP,366,10105,2,381,0,366,0,49976,851192,143632,6056188,871371,0.145,
72494023234,2024,TMP,366,12697,2,363,1,365,1,49840,848880,202912,7505017,910359,0.165,
72502014734,2024,TMP,366,12701,5,380,7,366,0,49976,851192,201896,8016587,908972,0.162,
72502594741,2024,TMP,366,10377,22,365,1,365,1,49840,848880,131016,5923515,848654,0.141,
72503014732,2024,TMP,366,13025,1,379,9,366,0,49976,851192,207440,7965128,912443,0.166,
72503614757,2024,TMP,366,11227,5,368,1,365,1,49840,848880,148048,6534497,860971,0.145,
72503794745,2024,TMP,366,10457,32,381,1,365,1,49840,848880,133600,6110772,846093,0.143,
72504094702,2024,TMP,366,13918,4,375,10,366,0,49976,851192,221728,7921700,922411,0.167,
72506454769,2024,TMP,366,11927,4,361,6,361,4,49296,839632,165440,6673042,869870,0.174,
72507014765,2024,TMP,366,13900,3,379,15,365,1,49840,848880,221320,8544755,919966,0.169,
72508014740,2024,TMP,366,13553,9,376,12,366,0,49976,851192,215696,8515544,918131,0.17,
72509014739,2024,TMP,366,13558,2,379,11,366,0,49976,851192,215776,8387857,918198,0.165,
72512504787,2024,TMP,366,13963,4,374,12,366,0,49976,851192,203248,8098264,905974,0.162,
72512614736,2024,TMP,366,12503,5,423,1,362,4,49432,841944,179080,7350188,882740,0.161,
72512704726,2024,TMP,366,14230,0,386,7,366,0,49976,851192,208672,8422624,908188,0.167,
72513014777,2024,TMP,366,14670,5,452,10,364,1,49704,846568,234664,8774554,927630,0.174,
72514014778,2024,TMP,366,14892,6,379,7,366,0,49976,851192,237888,8580629,932354,0.169,
72515004725,2024,TMP,366,16144,1,506,23,365,1,49840,848880,257608,9326565,942455,0.179,
72515614748,2024,TMP,366,12985,13,380,0,366,0,49976,851192,193552,7654502,906816,0.163,
72517014737,2024,TMP,366,13577,24,455,13,363,2,49568,844256,215728,8064307,911720,0.167,
72518014735,2024,TMP,366,14030,7,376,13,366,0,49976,851192,223328,8774357,923261,0.17,
72519014771,2024,TMP,366,14001,5,375,9,365,1,49840,848880,223752,8874140,922352,0.177,
72520094823,2024,TMP,366,13000,5,371,3,366,0,49976,851192,207616,8007948,913901,0.168,
72520514762,2024,TMP,366,11957,6,463,1,363,3,49568,844256,165840,7161442,872839,0.151,
72521014895,2024,TMP,366,13458,7,377,4,366,0,49976,851192,214944,8136124,918905,0.167,
72524014820,2024,TMP,366,14026,51,378,23,366,0,49976,851192,223840,8679735,923793,0.17,
72524504853,2024,TMP,366,11204,5,390,5,366,0,49976,851192,154728,6701044,874019,0.15,
72525014852,2024,TMP,366,13396,2,419,12,365,1,49840,848880,213840,8277175,916238,0.164,
72526014860,2024,TMP,366,15250,6,589,17,365,1,49840,848880,243672,9099176,933303,0.171,
72526604751,2024,TMP,366,15178,11,391,3,366,0,49976,851192,230256,8987380,927639,0.179,
72528014733,2024,TMP,366,14435,8,857,8,366,0,49976,851192,230384,9279043,928640,0.2,
72528704724,2024,TMP,366,12715,3,383,4,366,0,49976,851192,179248,7697092,887393,0.159,
72529014768,2024,TMP,366,14105,0,846,13,365,1,49840,848880,225408,9253914,923193,0.169,
72530094846,2024,TMP,366,13652,8,367,14,366,0,49976,851192,217856,8451465,919467,0.224,
72530594892,2024,TMP,366,11166,4,667,3,360,3,49160,837320,150120,6757612,855569,0.148,
72531603887,2024,TMP,366,11010,8,378,0,366,0,49976,851192,143328,6238158,858337,0.145,
72532014842,2024,TMP,366,13214,10,406,5,364,2,49704,846568,210664,7731883,911612,0.218,
72533014827,2024,TMP,366,13702,8,892,13,366,0,49976,851192,218656,8661545,921025,0.235,
72534014819,2024,TMP,366,11702,8,365,4,366,0,49976,851192,186656,7018014,910631,0.227,
72535014848,2024,TMP,366,14574,4,392,11,364,2,49704,846568,232264,8228780,924441,0.251,
72536094830,2024,TMP,366,13931,12,677,30,360,2,49160,837320,222320,7936690,912180,0.242,
72536614825,2024,TMP,366,11833,3,380,0,366,0,49976,851192,160912,6823547,874214,0.167,
72537094847,2024,TMP,366,13938,7,897,345,366,0,49976,851192,222432,8774100,924651,0.194,
72537514822,2024,TMP,366,11577,1,379,3,366,0,49976,851192,158160,6785416,873810,0.149,
72537614853,2024,TMP,366,11606,13,439,4,361,5,49296,839632,165080,6718282,873840,0.154,
72537714804,2024,TMP,366,12778,27,223,12,363,3,49568,844256,204192,6638488,918256,0.199,
72539014836,2024,TMP,366,14554,5,392,33,366,0,49976,851192,232288,8446340,930184,0.257,
72539514833,2024,TMP,366,12337,6,381,3,366,0,49976,851192,177464,7207605,890261,0.254,
72543094822,2024,TMP,366,13542,13,411,5,366,0,49976,851192,215712,8184620,918211,0.245,
72544014923,2024,TMP,366,13604,19,397,15,365,1,49840,848880,216992,7867040,917781,0.2,
72545014990,2024,TMP,366,11255,27,381,3,366,0,49976,851192,149744,6764663,866062,0.175,
72546014933,2024,TMP,366,13272,35,378,7,366,0,49976,851192,211968,8248301,916485,0.163,
72546514950,2024,TMP,366,11299,14,369,1,365,1,49840,848880,151544,6585565,865454,0.159,
72547094908,2024,TMP,366,14303,27,403,29,364,2,49704,846568,227912,8231881,922975,0.214,
72548094910,2024,TMP,366,14009,13,393,7,366,0,49976,851192,223184,7966492,922151,0.237,
72548514940,2024,TMP,366,11373,7,382,1,355,6,48480,825760,154504,6658594,847797,0.223,
72550014942,2024,TMP,366,12998,20,362,8,365,1,49840,848880,206728,7668886,910801,0.235,
72551014939,2024,TMP,366,13158,32,406,4,365,1,49840,848880,207624,7323346,909854,0.158,
72552014935,2024,TMP,366,13630,43,439,19,363,3,49568,844256,216760,7956910,913221,0.166,
72552594949,2024,TMP,366,10731,3,380,0,366,0,49976,851192,134832,6197766,850154,0.143,
72554014949,2024,TMP,366,10594,55,178,7,365,1,49840,848880,146464,5304957,866374,0.149,
72556014941,2024,TMP,366,13851,12,361,3,365,1,49840,848880,220424,7790184,919773,0.207,
72557014943,2024,TMP,366,13766,12,369,19,365,1,49840,848880,219376,7613695,918663,0.217,
72561024030,2024,TMP,366,10262,44,385,1,347,3,47392,807264,134464,5760188,815334,0.203,
72562024023,2024,TMP,366,13303,46,413,17,366,0,49976,851192,211312,7544148,916703,0.233,
72564024018,2024,TMP,366,13001,43,462,23,365,1,49840,848880,206928,7309009,911320,0.17,
72564524022,2024,TMP,366,10621,21,403,0,364,2,49704,846568,137912,6129037,851822,0.145,
72565003017,2024,TMP,366,12986,39,378,18,366,0,49976,851192,206624,8087888,912968,0.163,
72566024028,2024,TMP,366,12792,66,387,15,365,1,49840,848880,203872,7274842,909488,0.159,
72567024032,2024,TMP,366,13754,38,355,11,365,1,49840,848880,219224,7751929,918052,0.214,
72569024089,2024,TMP,366,13076,42,383,12,366,0,49976,851192,208448,7391936,914558,0.214,
72570024046,2024,TMP,366,11584,48,2367,23,286,6,39096,666232,184288,7437714,728844,0.201,
72572024127,2024,TMP,366,12631,140,372,6,361,5,49296,839632,201056,7930355,897583,0.23,
72574424027,2024,TMP,366,10662,6,358,5,365,1,49840,848880,136528,6150685,850395,0.144,
72575524101,2024,TMP,366,11783,39,194,1,362,4,49432,841944,170488,5912687,879182,0.147,
72576024021,2024,TMP,366,9980,16,384,0,365,1,49840,848880,121352,5671869,837924,0.138,
72578024156,2024,TMP,366,13402,48,368,20,365,1,49840,848880,214000,7624181,916537,0.171,
72580524172,2024,TMP,366,9542,24,387,1,361,4,49296,839632,108824,5506732,816187,0.179,
72582524121,2024,TMP,366,10113,41,384,2,366,0,49976,851192,124752,5901856,841297,0.18,
72583024128,2024,TMP,366,12072,35,397,2,362,3,49432,841944,189824,6564992,893370,0.224,
72584523225,2024,TMP,366,13413,1,403,7,362,4,49432,841944,175984,7851972,860621,0.251,
72589594236,2024,TMP,366,10819,14,398,2,365,1,49840,848880,139816,6431414,853803,0.143,
72590523275,2024,TMP,366,11212,43,401,2,362,4,49432,841944,144216,6196822,846566,0.141,
72591024216,2024,TMP,366,12744,3,688,4,353,4,48208,821136,202888,7020161,880769,0.15,
72592024257,2024,TMP,366,13129,21,368,23,362,4,49432,841944,209136,7079251,906149,0.16,
72594524283,2024,TMP,366,15058,4,382,2,366,0,49976,851192,229216,8542836,927411,0.215,
72595724215,2024,TMP,366,11874,19,384,1,363,2,49568,844256,154368,6552537,853158,0.197,
72597024225,2024,TMP,366,13324,16,397,24,365,1,49840,848880,212488,7482560,914820,0.273,
72597524235,2024,TMP,366,10064,15,269,2,226,52,30936,527512,148344,5548801,577385,0.161,
72605014745,2024,TMP,366,15185,8,380,14,366,0,49976,851192,242000,8631492,933182,0.184,
72605504743,2024,TMP,366,10442,2,201,16,365,1,49840,848880,141456,5425376,861824,0.136,
72606014764,2024,TMP,366,13889,66,366,18,364,2,49704,846568,221056,7917251,915986,0.165,
72614594705,2024,TMP,366,14622,1,362,12,365,1,49840,848880,221600,8694799,921510,0.192,
72617014742,2024,TMP,366,14731,6,467,12,366,0,49976,851192,234928,8996785,930001,0.234,
72618514605,2024,TMP,366,12307,0,439,2,363,2,49568,844256,166880,7135866,868947,0.247,
72622394725,2024,TMP,366,12899,2,373,4,365,1,49840,848880,187832,7544018,896828,0.228,
72622794790,2024,TMP,366,12304,4,379,2,366,0,49976,851192,173824,7396167,884924,0.22,
72635094860,2024,TMP,366,14022,13,377,15,366,0,49976,851192,223776,8840367,925598,0.168,
72636014840,2024,TMP,366,14780,2,386,12,365,1,49840,848880,236000,8656195,930411,0.167,
72637014826,2024,TMP,366,14529,6,869,347,366,0,49976,851192,231696,8412635,930253,0.214,
72637914845,2024,TMP,366,11610,1,377,1,365,1,49840,848880,160712,6826823,875303,0.195,
72638094814,2024,TMP,366,15601,9,386,29,364,1,49704,846568,246128,8878302,934383,0.255,
72638714850,2024,TMP,366,11195,6,374,2,365,1,49840,848880,153312,6845998,869892,0.238,
72639094849,2024,TMP,366,15102,12,385,10,366,0,49976,851192,240864,8648520,934492,0.241,
72640014839,2024,TMP,366,13393,11,363,8,366,0,49976,851192,213520,8120595,917959,0.259,
72641014837,2024,TMP,366,14094,16,376,22,366,0,49976,851192,224928,8415042,925953,0.166,
72643014920,2024,TMP,366,10896,80,384,10,366,0,49976,851192,150728,6505981,872321,0.149,
72643514991,2024,TMP,366,11705,23,383,0,366,0,49976,851192,162320,7030870,876296,0.165,
72644014925,2024,TMP,366,14414,24,377,5,365,1,49840,848880,230136,8261845,925324,0.212,
72645014898,2024,TMP,366,13941,4,395,32,366,0,49976,851192,222672,8078344,924978,0.242,
72646314897,2024,TMP,366,11656,7,381,0,366,0,49976,851192,159808,6730916,873730,0.229,
72651014944,2024,TMP,366,13776,5,406,16,366,0,49976,851192,220224,8180228,923260,0.237,
72651494032,2024,TMP,366,10996,10,381,0,366,0,49976,851192,139840,6183095,852954,0.217,
72654014936,2024,TMP,366,13591,5,379,2,366,0,49976,851192,217072,7556097,920563,0.161,
72654594950,2024,TMP,366,10986,4,363,4,364,2,49704,846568,141064,6146596,851559,0.147,
72654614946,2024,TMP,366,12202,5,379,5,366,0,49976,851192,168928,7171499,880360,0.198,
72655014926,2024,TMP,366,11087,15,369,8,363,3,49568,844256,150336,6478310,863034,0.205,
72655594938,2024,TMP,366,12495,5,379,3,366,0,49976,851192,181296,7241570,895200,0.27,
72655614992,2024,TMP,366,11612,3,404,1,363,3,49568,844256,156328,6791417,863819,0.27,
72655714910,2024,TMP,366,12629,2,401,5,364,2,49704,846568,177264,7308676,882156,0.234,
72657494985,2024,TMP,366,12024,5,580,2,357,3,48752,830384,167872,7048002,860702,0.286,
72658014922,2024,TMP,366,13732,8,375,55,365,1,49840,848880,218888,8448489,919923,0.177,
72658414927,2024,TMP,366,10829,0,365,3,364,2,49704,846568,142712,6264869,856844,0.191,
72659014929,2024,TMP,366,14069,16,378,21,366,0,49976,851192,224912,7939104,925712,0.24,
72662024090,2024,TMP,366,13217,34,420,11,365,1,49840,848880,210224,7279277,912046,0.263,
72662524006,2024,TMP,366,13252,108,172,12,360,5,49160,837320,193680,6534171,884704,0.214,
72665094023,2024,TMP,366,10379,42,390,0,365,1,49840,848880,129192,5992010,844018,0.205,
72666024029,2024,TMP,366,12830,43,370,12,364,2,49704,846568,203368,6867687,906897,0.257,
72671024164,2024,TMP,366,10235,42,388,1,366,0,49976,851192,129968,5889398,849911,0.22,
72677024033,2024,TMP,366,12840,12,378,6,366,0,49976,851192,204520,7819704,910845,0.241,
72677624036,2024,TMP,366,11035,39,378,3,366,0,49976,851192,137200,6404240,846851,0.223,
72679724132,2024,TMP,366,10791,49,656,2,366,0,49976,851192,144240,6561455,860663,0.234,
72681024131,2024,TMP,366,13045,1,384,18,366,0,49976,851192,207952,7212387,914104,0.297,
72681524106,2024,TMP,366,11216,146,363,7,355,9,48480,825760,167056,5935409,869312,0.226,
72683094185,2024,TMP,366,13851,14,483,22,364,1,49704,846568,221192,7753330,918231,0.29,
72688024155,2024,TMP,366,13475,17,393,29,365,1,49840,848880,214416,7671493,914197,0.241,
72688524152,2024,TMP,366,13612,48,442,2,358,4,48888,832696,200840,7483625,888786,0.271,
72688624130,2024,TMP,366,10896,34,418,0,362,4,49432,841944,147088,6190034,858329,0.217,
72691724284,2024,TMP,366,12878,5,1013,4,357,9,48752,830384,195088,7570654,892557,0.248,
72693024221,2024,TMP,366,13599,4,450,15,366,0,49976,851192,217200,8162521,920720,0.245,
72694024232,2024,TMP,366,13379,41,904,7,343,20,46848,798016,212424,7861668,868906,0.23,
72698024229,2024,TMP,366,13253,2,373,16,365,1,49840,848880,211144,8047552,915439,0.262,
72698694261,2024,TMP,366,11415,2,389,6,366,0,49976,851192,158832,6677594,876166,0.254,
72703314609,2024,TMP,366,13138,2,411,4,366,0,49976,851192,192160,7545184,901276,0.238,
72712014607,2024,TMP,366,15400,0,391,11,366,0,49976,851192,246016,8943974,937148,0.255,
72734014847,2024,TMP,366,14657,3,498,3,365,1,49840,848880,234200,8747375,936490,0.237,
72734714841,2024,TMP,366,12737,17,374,1,366,0,49976,851192,186712,7347279,899237,0.242,
72744014858,2024,TMP,366,13809,2,371,6,365,1,49840,848880,201256,8143562,902374,0.245,
72745014913,2024,TMP,366,14587,9,366,6,365,1,49840,848880,232496,8599186,928715,0.253,
72745394967,2024,TMP,366,11926,13,371,1,363,2,49568,844256,168184,6820756,877892,0.232,
72745594931,2024,TMP,366,13513,26,375,7,364,2,49704,846568,202072,7861000,906901,0.237,
72747014918,2024,TMP,366,14997,6,446,6,363,3,49568,844256,239520,8809148,927907,0.249,
72747694961,2024,TMP,366,12415,1,404,5,364,2,49704,846568,175656,7217034,883316,0.254,
72753014914,2024,TMP,366,13897,4,401,24,364,2,49704,846568,221536,8056107,919493,0.235,
72753514919,2024,TMP,366,11571,7,370,1,363,3,49568,844256,160248,6686099,868936,0.234,
72757594925,2024,TMP,366,13819,102,251,12,361,5,49296,839632,210088,6926082,905758,0.238,
72764024011,2024,TMP,366,13857,24,359,25,365,1,49840,848880,221040,7837947,920724,0.258,
72767594011,2024,TMP,366,11342,97,210,9,363,3,49568,844256,166632,5582807,882934,0.217,
72767624013,2024,TMP,366,11322,42,349,2,358,7,48888,832696,153552,6515568,852402,0.225,
72768094008,2024,TMP,366,13505,17,362,22,365,1,49840,848880,215424,7517993,917171,0.251,
72772024144,2024,TMP,366,12688,32,416,469,360,6,49160,837320,201672,7127099,896868,0.227,
72773024153,2024,TMP,366,13930,11,366,25,365,1,49840,848880,222224,7975145,921454,0.244,
72775024143,2024,TMP,366,10335,99,833,3,358,6,48888,832696,129568,6152969,830424,0.226,
72777094012,2024,TMP,366,13392,48,365,459,365,1,49840,848880,213432,7463685,915300,0.242,
72781024243,2024,TMP,366,12997,10,344,22,364,2,49704,846568,207008,6838375,907883,0.23,
72782594239,2024,TMP,366,10492,6,490,2,346,12,47256,804952,129424,6016598,799704,0.204,
72783024149,2024,TMP,366,12807,1,389,11,365,1,49840,848880,203488,6962845,907787,0.274,
72784624160,2024,TMP,366,10541,28,384,0,362,4,49432,841944,126856,6122017,831264,0.208,
72785024157,2024,TMP,366,13458,3,471,22,366,0,49976,851192,214752,8372249,919505,0.238,
72785524114,2024,TMP,366,12698,30,258,16,362,2,49432,841944,189600,6236590,895185,0.224,
72785694176,2024,TMP,366,10666,17,375,3,365,1,49840,848880,135224,5952152,849195,0.229,
72791094224,2024,TMP,366,16666,8,839,11,355,1,48480,825760,265952,9794028,926961,0.268,
72792024227,2024,TMP,366,17067,8,398,15,364,2,49704,846568,272832,9427506,949561,0.262,
72793024233,2024,TMP,366,13786,2,367,37,365,1,49840,848880,219896,8118926,921964,0.254,
72793524234,2024,TMP,366,10493,5,399,5,366,0,49976,851192,148112,6073588,872813,0.22,
72797094240,2024,TMP,366,18268,3,428,56,365,1,49840,848880,292040,10228858,962611,0.286,
72797624217,2024,TMP,366,11740,12,382,6,366,0,49976,851192,170560,7001940,889490,0.201,
74206024207,2024,TMP,366,18173,17,263,4,362,2,49432,841944,280808,9232153,936500,0.267,
74230024037,2024,TMP,366,10468,12,517,2,356,9,48616,828072,131176,5992664,826424,0.213,
74370014715,2024,TMP,366,16020,51,455,10,356,6,48616,828072,243504,8724500,907239,0.25,
74394514710,2024,TMP,366,10452,13,365,1,365,1,49840,848880,134664,6228246,852572,0.219,
74486094789,2024,TMP,366,12663,5,375,5,365,1,49840,848880,201368,7740547,905595,0.291,
74516023202,2024,TMP,366,11471,66,133,2,361,5,49296,839632,156472,5475571,857433,0.233,
74570013840,2024,TMP,366,11930,22,227,9,365,1,49840,848880,176568,6042967,894001,0.219,
74594013705,2024,TMP,366,12409,75,182,19,363,3,49568,844256,183080,6262032,889043,0.196,
74598013702,2024,TMP,366,12205,47,177,8,361,4,49296,839632,180632,6130472,882530,0.226,
74671013806,2024,TMP,366,12693,24,196,5,363,3,49568,844256,185016,6477655,886353,0.242,
74671693808,2024,TMP,366,11851,3,367,1,366,0,49976,851192,160432,6986435,873036,0.227,
74693093737,2024,TMP,366,17565,98,231,3,365,1,49840,848880,281016,8859265,961592,0.261,
74718503144,2024,TMP,366,7339,4,1957,1,299,4,40864,696288,69536,4651171,652386,0.163,
74718703104,2024,TMP,366,8475,37,690,0,341,19,46576,793392,81520,4742493,747864,0.186,
74718823158,2024,TMP,366,8849,7,425,1,362,3,49432,841944,87824,4742058,796542,0.194,
74740013973,2024,TMP,366,13427,54,453,10,364,2,49704,846568,213704,7345156,914531,0.239,
74775013846,2024,TMP,366,10795,33,187,14,362,4,49432,841944,161624,5282932,881912,0.227,
74777003852,2024,TMP,366,12076,119,176,12,358,5,48888,832696,179592,6216272,879289,0.25,
74780413824,2024,TMP,366,11875,21,210,6,359,6,49024,835008,178920,5925075,881373,0.221,
74781013857,2024,TMP,366,9958,791,199,10,283,41,38688,659296,146640,5243240,697589,0.179,
74790013849,2024,TMP,366,11842,75,188,10,361,5,49296,839632,176128,5964364,883505,0.221,
91165022536,2024,TMP,366,14603,1,452,990,365,1,49840,848880,233560,9217832,931442,0.257,
91176022519,2024,TMP,366,10813,30,1091,50,334,19,45624,777208,164384,6578267,824374,0.237,
91182022521,2024,TMP,366,11875,9,337,136,366,0,49976,851192,188464,7337353,898739,0.177,
91186022534,2024,TMP,366,9913,13,670,742,330,34,45080,767960,128376,6377197,774748,0.258,
91190022516,2024,TMP,366,12050,11,361,252,365,1,49840,848880,191152,6893330,897576,0.23,
91212041415,2024,TMP,366,13973,412,414,2345,364,2,49704,846568,222736,9250803,923860,0.256,
91218041414,2024,TMP,366,18697,3,775,10,353,7,48208,821136,297992,8950520,927281,0.277,
91285021504,2024,TMP,366,15876,67,365,1479,363,3,49568,844256,253640,9917117,938159,0.261,
91334040505,2024,TMP,366,9968,0,1070,1,359,4,49024,835008,159248,6533006,893841,0.22,
91366040604,2024,TMP,366,24284,82,826,0,354,5,48344,823448,283776,10242747,771613,0.22,
91413040308,2024,TMP,366,10080,1,646,425,359,4,49024,835008,161040,6717795,901920,0.146,
91765061705,2024,TMP,366,10022,0,1089,0,359,4,49024,835008,159888,6594670,881699,0.231,
