station,year,field,n,order,score,coverage,gram_cond,design_cond,day_score,n_days_checked,gate,worst_param,amp_image,amp_raw
70026027502,2024,TMP,9495,24,1.4734767103042362e-13,2.2255094485259953e-13,101.61176808746514,1027.186994849026,2.616056446845532e-13,1,ok,a2,17.270013982887527,17.270013982887587
70063727406,2024,TMP,13203,24,2.0572543780728264e-13,2.2255094485259953e-13,55.26703051740226,989.9687806988533,2.290270885109937e-13,7,ok,b2,17.78651175928566,17.78651175928577
70133026616,2024,TMP,14696,24,2.0035235447824425e-13,2.2255094485259953e-13,57.013409323633034,933.814899102009,4.2888240291380286e-12,7,ok,b2,13.680545102500458,13.680545102500439
70174026533,2024,TMP,12389,24,3.3345085055088037e-13,2.2255094485259953e-13,49.75813910058102,948.0180002620525,6.23015067969781e-13,5,ok,b2,19.49126935427235,19.49126935427235
70200026617,2024,TMP,16013,24,4.0064036627495626e-13,2.2255094485259953e-13,60.745753776236555,916.8641775802913,2.656656926993374e-13,7,ok,c,10.602310880055889,10.60231088005589
70219026615,2024,TMP,16773,24,2.061011911326578e-12,2.2255094485259953e-13,56.93294582473797,967.5096436286483,4.029722589684794e-13,7,ok,b2,11.30010208101257,11.300102081012502
70222026501,2024,TMP,11097,24,7.02016785100443e-13,2.2255094485259953e-13,4802.842048220836,1008.3576329434507,1.5176566303087724e-12,4,ok,a2,17.56587315010666,17.56587315010656
70231026510,2024,TMP,13761,24,6.70573184608857e-14,2.2255094485259953e-13,50.937568862245406,966.5762827247864,7.698380035653002e-13,7,ok,b2,17.236720426888358,17.23672042688835
70251026528,2024,TMP,13832,24,1.1237231452375948e-12,2.2255094485259953e-13,51.48522867738757,961.1406478059404,5.313854443477254e-13,8,ok,c,11.694693743265868,11.694693743265828
70259026523,2024,TMP,11124,24,3.0145074222796265e-13,2.2255094485259953e-13,51.136048353481534,950.6340487795005,5.255548204677215e-12,7,ok,b2,10.364587603330722,10.364587603330682
70261026411,2024,TMP,12525,24,5.944246768684076e-14,2.2255094485259953e-13,49.174794459181854,938.6071364340816,5.6656471952719966e-12,8,ok,a2,20.2715355390967,20.271535539096696
70267026415,2024,TMP,13454,24,4.0830389494630346e-13,2.2255094485259953e-13,50.06194893988019,952.7805374106389,2.2915515529423933e-12,7,ok,a2,17.352978228670015,17.352978228670022
70271026425,2024,TMP,13386,24,1.151559404612882e-13,2.2255094485259953e-13,50.34709493186485,897.2165490513157,8.863910001579929e-13,8,ok,b1,17.020780615202828,17.0207806152028
70272026401,2024,TMP,10231,24,8.233292481491779e-13,2.2255094485259953e-13,50.171962601762985,929.9544059126947,1.7301186937045886e-12,5,ok,c,12.247933724829675,12.247933724829672
70272526491,2024,TMP,10950,24,3.48954838151811e-13,2.2255094485259953e-13,51.93065674815555,906.7893796464273,3.3099273755302796e-12,8,ok,c,11.87743198272935,11.877431982729341
70273026451,2024,TMP,13258,24,2.5856509574527204e-13,2.2255094485259953e-13,50.30993498318942,917.8176313325157,1.3524399278442519e-12,8,ok,a2,11.645810075510356,11.64581007551034
70273526409,2024,TMP,10211,24,4.254456684525506e-13,2.2255094485259953e-13,50.49992574679613,922.5442037574787,1.836808217487497e-12,7,ok,c,12.312692959972535,12.312692959972527
70291026412,2024,TMP,9590,24,3.275451198432816e-13,2.2255094485259953e-13,99.02071172993227,943.3521809207243,1.3192769815593616e-12,7,ok,b2,20.159267380797072,20.159267380797075
70296026410,2024,TMP,11408,24,1.4202865813508991e-12,2.2255094485259953e-13,1708362.245127731,1356.1332312654915,5.898425789332611e-13,8,ok,a2,8.88135959638826,8.881359596389562
70308025713,2024,TMP,17959,24,4.526435618838293e-14,2.2255094485259953e-13,63.22459079944337,974.1953520273063,9.126809863160374e-13,6,ok,a2,5.215113889426969,5.215113889426975
70316025624,2024,TMP,18075,24,7.452507416715808e-14,2.2255094485259953e-13,59.67643975938169,937.5532305949423,1.7952570198645038e-12,7,ok,b2,5.539453372597879,5.539453372597891
70326025503,2024,TMP,15012,24,2.0317808685396554e-13,2.2255094485259953e-13,52.54260200991628,954.8446489090654,3.4578555429800403e-12,7,ok,c,8.252245238925932,8.25224523892589
70340025506,2024,TMP,13302,24,8.003075867036213e-13,2.2255094485259953e-13,65.52039523424256,994.5608012409233,2.248527468697575e-12,8,ok,c,9.25821160533957,9.258211605339492
70341025507,2024,TMP,10229,24,2.2133413605522677e-13,2.2255094485259953e-13,52.55965662036254,947.3098795427674,2.037069820442606e-12,8,ok,b2,7.945271668565003,7.945271668564973
70350025501,2024,TMP,17122,24,9.672661032804252e-14,2.2255094485259953e-13,51.505140541916774,899.5863212307216,4.0720462567163524e-12,8,ok,b2,5.636936801286938,5.636936801286908
70361025339,2024,TMP,18295,24,6.85717052537021e-14,2.2255094485259953e-13,59.65416810153638,933.564348566095,5.198616441461676e-12,3,ok,b2,6.555854830158929,6.555854830158925
70371025333,2024,TMP,11929,24,1.1048949128854053e-13,2.2255094485259953e-13,55.62781858771578,966.1653338579696,5.759345449930143e-13,7,ok,a2,5.3122584262271895,5.312258426227186
70381025309,2024,TMP,13902,24,9.567722242798083e-14,2.2255094485259953e-13,50.525991094105606,905.5329629466165,1.843363261813109e-12,8,ok,a2,7.7438469951318,7.743846995131809
70395025325,2024,TMP,12022,24,5.054441871071361e-14,2.2255094485259953e-13,51.88981956782331,952.6164088871215,4.359199171221119e-13,8,ok,a2,6.0443178699207945,6.044317869920796
72201012836,2024,TMP,13016,24,1.210814115851733e-13,2.2255094485259953e-13,50.75681671045559,916.3688679197992,9.618611366343415e-14,8,ok,b2,4.508235672634632,4.508235672634627
72201512850,2024,TMP,10330,24,3.9983743633226946e-14,2.2255094485259953e-13,51.90179764562168,949.0550011805367,1.5717025564209856e-13,7,ok,b2,4.829925535263762,4.829925535263761
72202012839,2024,TMP,12734,24,1.9431862696154017e-13,2.2255094485259953e-13,50.48716395936003,936.373489322573,1.8131779514090157e-13,8,ok,b2,4.150321511864895,4.150321511864889
72202612826,2024,TMP,14275,24,1.7113439180417053e-13,2.2255094485259953e-13,78.85279413281192,918.9320265953235,1.569883066217051e-13,3,ok,b2,3.861411951723113,3.861411951723103
72202912888,2024,TMP,10651,24,1.3527140294480596e-13,2.2255094485259953e-13,57.312868753784265,895.717241723178,2.0964499356529559e-13,8,ok,b2,4.3860377118694505,4.386037711869416
72203012844,2024,TMP,12447,24,1.8609538803555857e-14,2.2255094485259953e-13,49.785568321271434,924.9689528447789,5.454001102910716e-13,8,ok,b1,4.6499930893686345,4.649993089368617
72204012838,2024,TMP,11047,24,2.2480862143795117e-14,2.2255094485259953e-13,51.962853162395,915.2925513013583,5.191802793392504e-13,8,ok,b2,5.446714876074788,5.446714876074793
72205012815,2024,TMP,12417,24,1.5655250743991298e-13,2.2255094485259953e-13,50.82818421360088,901.3562970538643,2.448743937396564e-13,6,ok,b2,5.7156627489911935,5.715662748991203
72205312841,2024,TMP,10984,24,1.6783298914043349e-13,2.2255094485259953e-13,50.39561920426118,916.6804749615127,1.640629280438425e-13,7,ok,b2,5.941443142433027,5.941443142432994
72205712854,2024,TMP,10871,24,2.7545170151045015e-13,2.2255094485259953e-13,49.98901583292693,912.4864395708571,5.636095620121699e-13,7,ok,b2,5.957594436008294,5.957594436008269
72206013889,2024,TMP,13288,24,4.270931357693176e-13,2.2255094485259953e-13,49.649471916094775,928.7990590442384,1.9346865435768408e-13,8,ok,b2,7.388400132625507,7.388400132625502
72206593837,2024,TMP,10720,24,5.916351282571107e-14,2.2255094485259953e-13,50.27793976462495,924.808652514184,2.793433900518058e-13,7,ok,b2,7.155924317985622,7.155924317985605
72207003822,2024,TMP,13485,24,8.272881361134817e-13,2.2255094485259953e-13,50.29011063722894,923.7673111543771,2.1134738903787314e-13,7,ok,b2,8.019651335537313,8.01965133553735
72208013880,2024,TMP,12746,24,6.688072148091151e-13,2.2255094485259953e-13,49.40353804772288,929.6664617243547,1.5844427051500274e-13,8,ok,b2,8.331091521043662,8.33109152104369
72208593831,2024,TMP,11459,24,7.823982777582672e-13,2.2255094485259953e-13,54.009272280707556,931.2163472114137,1.0773084309419718e-13,7,ok,b2,8.661579059623627,8.661579059623678
72210612835,2024,TMP,11031,24,8.043599857021485e-15,2.2255094485259953e-13,50.53128552887782,919.9105018624672,9.307489588774313e-14,7,ok,b1,5.067842401363576,5.067842401363581
72210812894,2024,TMP,9667,24,5.647135418364911e-13,2.2255094485259953e-13,5180.854213983137,1016.857679716819,1.1072491515742383e-13,7,ok,b2,4.729552366451642,4.729552366451696
72211012842,2024,TMP,12899,24,2.5026159777946184e-14,2.2255094485259953e-13,49.388273711512426,915.1014646992264,9.623113495571524e-13,7,ok,b1,6.057808378736484,6.0578083787364605
72211612873,2024,TMP,10097,24,5.790069202523451e-14,2.2255094485259953e-13,71.78918958045035,964.1652994259613,5.251617863022353e-13,7,ok,b2,6.112156875585562,6.112156875585545
72212012833,2024,TMP,12177,24,3.5280102488668864e-10,2.2255094485259953e-13,1917710659.674606,1627.7622318900078,2.3134086208552303e-13,4,ok,b1,8.770194525604095,8.77019452513845
72213713878,2024,TMP,17618,24,2.0647813051822612e-13,2.2255094485259953e-13,48.68886788071265,941.6367040672701,1.4449510709013087e-13,6,ok,b2,8.272908047164702,8.272908047164723
72214093805,2024,TMP,14014,24,4.501792239009854e-13,2.2255094485259953e-13,50.27469271396477,928.8613559836036,6.687563634582187e-14,8,ok,b2,7.868869711051736,7.868869711051747
72216013869,2024,TMP,11127,24,6.490738063211161e-13,2.2255094485259953e-13,49.42323239635137,921.32640113245,1.5918241309099075e-13,7,ok,b2,8.301107641543561,8.301107641543586
72216693845,2024,TMP,11687,24,5.737309569390374e-13,2.2255094485259953e-13,51.47930823944243,923.5058827882043,3.8591953225789995e-13,6,ok,b2,7.384603974707942,7.384603974707978
72217003813,2024,TMP,13730,24,2.549955112402898e-13,2.2255094485259953e-13,50.186437698736,937.1620604580656,3.9928652431169563e-13,8,ok,b2,8.89074933343554,8.890749333435558
72217513860,2024,TMP,13341,24,5.695726764115351e-13,2.2255094485259953e-13,55.52721151016293,926.117964184676,1.3611240983591208e-13,6,ok,b2,8.180810858969457,8.180810858969465
72218003820,2024,TMP,14221,24,5.410572683134163e-13,2.2255094485259953e-13,51.154420808245575,932.735658095705,7.521662392987781e-13,6,ok,v,8.948261987461057,8.948261987461075
72219013874,2024,TMP,13048,24,3.4465293929559725e-13,2.2255094485259953e-13,49.142728521046,930.7430219539223,2.0875419478691088e-13,8,ok,b2,9.402698606641469,9.402698606641481
72219503888,2024,TMP,10909,24,3.637120295985782e-13,2.2255094485259953e-13,51.65750241154452,934.3116394501894,1.96840744724286e-13,8,ok,b2,9.274563732350938,9.274563732350968
72221013858,2024,TMP,15293,24,3.939011133068258e-13,2.2255094485259953e-13,56.71012826928821,910.7229238018145,4.589345011236379e-13,4,ok,b2,7.40044878745795,7.400448787457966
72222313899,2024,TMP,11936,24,3.980039122713784e-13,2.2255094485259953e-13,53.099714049603804,938.6757614948688,2.9591189757570527e-13,8,ok,b2,7.229263992312019,7.229263992312033
72222503855,2024,TMP,8967,24,4.178622042926389e-13,2.2255094485259953e-13,53.42343044298657,941.4011418623766,5.7153119299531715e-15,1,ok,b2,8.591591110785926,8.591591110785922
72223013894,2024,TMP,14094,24,2.6132015241386315e-13,2.2255094485259953e-13,50.08622578161901,921.3277521072906,3.1028765474734326e-13,8,ok,b2,8.099462540537347,8.099462540537363
72225013829,2024,TMP,15152,24,7.56776586693501e-14,2.2255094485259953e-13,72.267982985445,925.6644237446275,3.442662159326581e-13,4,ok,b1,8.36817114665498,8.368171146654984
72225593842,2024,TMP,11155,24,2.220071390725946e-13,2.2255094485259953e-13,51.59094920452973,924.0809974794926,2.1276365888653365e-13,8,ok,b2,8.58891419782894,8.588914197828956
72226013895,2024,TMP,14011,24,2.0207576266301942e-13,2.2255094485259953e-13,50.384305680217615,931.0553404956571,1.5164328618693297e-13,8,ok,b2,8.733617204295497,8.733617204295529
72226903850,2024,TMP,16917,24,2.9688268669958046e-13,2.2255094485259953e-13,50.96914548122186,874.7464229077725,1.0720211196931244e-13,6,ok,b2,7.666411583144519,7.666411583144535
72228013876,2024,TMP,10813,24,4.5453540380778587e-13,2.2255094485259953e-13,50.17732923173546,913.340473995383,4.975316027340008e-13,8,ok,b2,9.010319961119466,9.010319961119494
72228693806,2024,TMP,11278,24,3.0922949513833804e-13,2.2255094485259953e-13,50.65044533640489,923.9680221826641,3.3287044634799505e-13,8,ok,b2,8.68845448488662,8.688454484886648
72228713871,2024,TMP,10874,24,3.593966147495839e-13,2.2255094485259953e-13,95.62674818400143,911.3815498489087,4.819287152661791e-13,7,ok,b2,8.76705166252368,8.767051662523679
72231012916,2024,TMP,13946,24,1.6914551087125025e-13,2.2255094485259953e-13,50.68379179154958,903.5571105138895,9.009085809642144e-14,8,ok,b2,7.215021397468021,7.215021397468029
72231553917,2024,TMP,11874,24,1.1526026560824778e-13,2.2255094485259953e-13,50.85473888686658,909.3743931579768,8.791244112968522e-14,7,ok,b2,7.340808155324915,7.34080815532491
72234013865,2024,TMP,14257,24,1.5814197026826812e-13,2.2255094485259953e-13,50.04037524064021,910.8048482457393,2.1943989753475132e-13,8,ok,b2,8.653416978464533,8.653416978464536
72235003940,2024,TMP,14127,24,1.2071201321597924e-13,2.2255094485259953e-13,50.77747118887697,924.3879196677975,1.0274762762580513e-13,8,ok,b2,8.344979574065338,8.344979574065349
72235893919,2024,TMP,12413,24,1.6174688589476677e-13,2.2255094485259953e-13,54.23239863557473,918.3903470800998,1.3833013385012275e-13,8,ok,b2,7.352779892029176,7.352779892029185
72239003931,2024,TMP,13126,24,2.2234272346623165e-13,2.2255094485259953e-13,51.32218513400528,902.3510496438747,5.678737085839448e-13,6,ok,b2,7.106637281409406,7.1066372814094025
72240003937,2024,TMP,15919,24,6.493966843248674e-14,2.2255094485259953e-13,51.98013206315743,906.9608804206823,1.1567369826031726e-13,8,ok,b2,7.235922175614835,7.235922175614842
72240513976,2024,TMP,12386,24,6.778746864276673e-14,2.2255094485259953e-13,52.75085740682975,905.2592348354502,1.4707612072534095e-13,8,ok,b2,7.25770223115876,7.257702231158759
72241012917,2024,TMP,15919,24,1.8012909023222917e-14,2.2255094485259953e-13,50.64411756930192,903.1371329051641,1.8340330955404467e-13,8,ok,b2,7.000949954029115,7.000949954029112
72243012960,2024,TMP,13056,24,1.4963205218700078e-13,2.2255094485259953e-13,48.97331021529543,916.4381687315542,2.721760514181853e-13,8,ok,b2,7.326579385916838,7.326579385916855
72244693987,2024,TMP,12203,24,3.056814657701341e-13,2.2255094485259953e-13,52.63011688967486,908.2041149691559,7.447402587647429e-13,8,ok,b1,7.44487349687765,7.444873496877659
72248013957,2024,TMP,12948,24,2.4366623592845277e-13,2.2255094485259953e-13,65.21984703642623,878.4239388888855,6.599192520440166e-13,2,ok,b2,8.623790777884652,8.62379077788467
72248613942,2024,TMP,11683,24,3.458958459258107e-13,2.2255094485259953e-13,52.03001244798858,914.5600790394911,6.710103630743233e-13,8,ok,b1,8.548255071691864,8.548255071691873
72250012919,2024,TMP,14932,24,5.046753349644359e-14,2.2255094485259953e-13,49.73786723960065,899.8638990069549,1.2277205621607206e-13,7,ok,b1,5.5420275863355,5.54202758633551
72250612959,2024,TMP,11957,24,1.6244857267141894e-13,2.2255094485259953e-13,51.00091644978701,921.6084587034031,4.845036272348264e-14,8,ok,b2,6.1590387858371365,6.159038785837138
72251012924,2024,TMP,13729,24,2.7111458456794514e-13,2.2255094485259953e-13,50.11414368044402,896.9254855906041,1.811011897699545e-13,7,ok,b2,6.792693423749151,6.792693423749156
72251512926,2024,TMP,7690,24,4.102027297906882e-13,2.2255094485259953e-13,97.06781744537672,805.0575422193024,9.376411404098179e-14,2,ok,b2,6.223632662651417,6.223632662651423
72251712932,2024,TMP,12751,24,3.519956854201124e-13,2.2255094485259953e-13,53.21875714060585,938.5360322948637,1.4565436810946245e-13,8,ok,b2,6.621536357581683,6.62153635758169
72253012921,2024,TMP,13360,24,4.570066102867637e-13,2.2255094485259953e-13,49.9661782505384,919.36115110316,2.4058195400605793e-12,8,ok,b2,8.205106724048818,8.20510672404884
72253312962,2024,TMP,11725,24,4.0054109347451104e-13,2.2255094485259953e-13,72.20707441423878,932.915778124335,1.3589688173519903e-13,8,ok,b2,8.157584562738906,8.157584562738897
72253512909,2024,TMP,16437,24,4.28937271339614e-13,2.2255094485259953e-13,59.39294564674638,913.5139478839421,1.5025053944134948e-13,4,ok,b2,7.923503654646449,7.923503654646478
72255012912,2024,TMP,15037,24,6.183102589119888e-13,2.2255094485259953e-13,50.60450059812049,891.0808822547907,7.094363876798911e-13,8,ok,b1,6.895477418296572,6.895477418296582
72255512935,2024,TMP,12101,24,3.174228667769926e-13,2.2255094485259953e-13,54.48350639409023,882.8805073268298,2.5730722193058615e-13,8,ok,b2,6.99897261524794,6.9989726152479514
72256013959,2024,TMP,13739,24,1.1571526583481734e-13,2.2255094485259953e-13,51.68818508501192,905.339783248785,4.3474510404163406e-12,8,ok,b2,9.15503317855156,9.155033178551573
72257603902,2024,TMP,14472,24,3.5430389698628436e-13,2.2255094485259953e-13,56.02522765733816,896.045394921377,1.7219160167136562e-13,5,ok,b1,8.42374531019224,8.423745310192244
72259003927,2024,TMP,13023,24,1.780969542363305e-13,2.2255094485259953e-13,49.423964033796885,913.304451268013,1.6791819825088728e-12,7,ok,b2,9.795837888456582,9.795837888456592
72259453909,2024,TMP,10249,24,1.4168660962127148e-13,2.2255094485259953e-13,50.167970549919644,899.869912665561,3.2086123370324157e-12,8,ok,b2,10.114972550434649,10.114972550434652
72261022010,2024,TMP,13064,24,7.376749950510888e-13,2.2255094485259953e-13,49.872314305615305,908.4669416984601,3.008969248120223e-13,8,ok,b2,9.29529281921672,9.295292819216725
72263023034,2024,TMP,12761,24,4.56225752768763e-13,2.2255094485259953e-13,49.08126309024464,913.4381414742464,1.816735423947587e-12,8,ok,b2,10.121690535039201,10.121690535039226
72265023023,2024,TMP,12340,24,4.570968533364296e-13,2.2255094485259953e-13,48.54412230177974,919.1427193457122,5.417502882744565e-13,8,ok,b2,10.497827323268199,10.49782732326822
72265623040,2024,TMP,9017,24,8.102185034404068e-13,2.2255094485259953e-13,49.97910795775443,917.756754924255,1.7223051904650026e-13,6,ok,b2,11.153063169633116,11.15306316963314
72266013962,2024,TMP,12957,24,2.150655793359122e-13,2.2255094485259953e-13,49.10243931590411,905.7423387856517,8.048965895585536e-13,7,ok,b2,10.095313225460236,10.095313225460247
72267023042,2024,TMP,12438,24,1.351718827461512e-13,2.2255094485259953e-13,49.02025330297019,926.2327044980677,2.0266948358642706e-13,7,ok,b2,10.98146989542512,10.981469895425127
72268023009,2024,TMP,12547,24,3.113662181348676e-13,2.2255094485259953e-13,50.2027365336626,930.2378723024558,6.905889156606099e-13,8,ok,b2,11.669402368536861,11.669402368536907
72268623008,2024,TMP,10710,24,1.0189094016513313e-13,2.2255094485259953e-13,53.69128190915858,927.5167914802499,4.442342301297396e-14,4,ok,b2,11.401626359854351,11.401626359854385
72268793033,2024,TMP,9466,24,5.210712516693118e-13,2.2255094485259953e-13,49.64752572100401,955.4754548903527,1.9482412996042516e-13,8,ok,b2,11.02988472368825,11.029884723688241
72270023044,2024,TMP,11811,24,6.432284676681764e-13,2.2255094485259953e-13,49.195247408061995,934.626081255101,2.834342364248339e-13,8,ok,b2,11.201631630233951,11.20163163023398
72271093045,2024,TMP,11951,24,9.87770073578958e-14,2.2255094485259953e-13,49.942506572765765,938.4511977898403,2.281545292317556e-13,8,ok,b2,11.184816215634232,11.18481621563424
72274023160,2024,TMP,12071,24,1.375061382336349e-13,2.2255094485259953e-13,50.43298232748914,937.5313394830229,3.4460085983034213e-13,8,ok,b2,10.904668171199253,10.904668171199242
72274523109,2024,TMP,9995,24,1.6894808306814246e-13,2.2255094485259953e-13,53.08840938965894,927.8360075727169,8.919879449296864e-14,5,ok,b2,10.917294268932503,10.917294268932496
72274793084,2024,TMP,8980,24,3.85672053309729e-14,2.2255094485259953e-13,50.38349903702422,935.8803615706893,2.982770231257192e-13,5,ok,b2,12.418519258722926,12.418519258722913
72278023183,2024,TMP,11864,24,8.476515880484328e-14,2.2255094485259953e-13,49.64003665121478,934.4968106371285,8.314985666476395e-13,8,ok,b2,12.452142232072203,12.45214223207219
72286023119,2024,TMP,10606,24,5.483236906889452e-15,2.2255094485259953e-13,52.902258318439614,905.388978074227,1.8987324259546587e-13,5,ok,b2,8.100285642377811,8.100285642377813
72288023152,2024,TMP,10143,24,9.609204854328712e-14,2.2255094485259953e-13,50.28609274114469,919.7301491474906,1.1095889497367404e-13,7,ok,a2,5.868477699905932,5.8684776999059896
72290023188,2024,TMP,13943,24,7.315800569427229e-14,2.2255094485259953e-13,49.64069377887767,925.7101186962811,6.026783127415099e-13,8,ok,b2,4.045374462333622,4.045374462333652
72290693112,2024,TMP,9941,24,6.974489109530524e-14,2.2255094485259953e-13,52.11798269802306,940.2284997637104,3.456734695949904e-13,6,ok,b2,4.115879756678911,4.115879756678935
72292603154,2024,TMP,9045,24,3.4516121733874234e-13,2.2255094485259953e-13,69.6473475269824,846.5514757274518,1.1591372055158106e-13,1,ok,a2,5.833083349255933,5.833083349255994
72295023174,2024,TMP,13663,24,1.0707421062330705e-13,2.2255094485259953e-13,50.8517117908106,939.0460388646512,5.284200999635927e-13,8,ok,b2,3.6856356549844533,3.6856356549844977
72303013714,2024,TMP,17062,24,9.70102532247441e-13,2.2255094485259953e-13,54.55735582629835,887.206176766081,8.321011598651044e-13,6,ok,b2,8.937178621962303,8.937178621962335
72303593740,2024,TMP,11292,24,1.1307924641750958e-12,2.2255094485259953e-13,53.54320452601886,957.6346599275896,1.266212637956181e-13,8,ok,b2,8.761834777343537,8.76183477734359
72306013722,2024,TMP,12843,24,5.095770430462838e-13,2.2255094485259953e-13,49.75934510466424,940.3048525278366,7.86943405637299e-14,8,ok,b2,9.539393916236444,9.53939391623648
72306613713,2024,TMP,9509,24,3.881806982113601e-13,2.2255094485259953e-13,75.47665620817071,877.991243024114,1.1397623816185484e-13,4,ok,b2,9.033958029873984,9.033958029874013
72307513769,2024,TMP,10742,24,2.0406217287668766e-13,2.2255094485259953e-13,51.6162706661696,939.5428504301027,4.27810624039749e-13,7,ok,a2,9.01878445182934,9.018784451829383
72308013737,2024,TMP,13918,24,3.9355295722811216e-13,2.2255094485259953e-13,51.67880142967804,941.5358438066337,2.0772964773683653e-13,8,ok,b2,9.324307976932673,9.324307976932701
72308513750,2024,TMP,10343,24,5.73790976206005e-13,2.2255094485259953e-13,51.7259649543476,945.4357777638158,6.57171642609578e-13,8,ok,b2,9.195724946061675,9.19572494606171
72308693741,2024,TMP,11503,24,2.1310227431760919e-13,2.2255094485259953e-13,54.76807148971282,961.7200758058598,2.1905989667081661e-13,8,ok,b2,9.369753259805119,9.369753259805128
72309013754,2024,TMP,11155,24,2.5170929225695055e-13,2.2255094485259953e-13,54.15725213125667,945.9491860774914,2.2479343772327804e-13,7,ok,b2,8.502166460559796,8.50216646055982
72309593719,2024,TMP,12081,24,1.5968795485211087e-13,2.2255094485259953e-13,57.783936481844584,968.9777290636628,2.2208878417656412e-13,8,ok,b2,8.411612426063833,8.411612426063861
72309693727,2024,TMP,10394,24,1.0450848728602423e-13,2.2255094485259953e-13,111.30487777968634,939.6683514283532,1.115991489787011e-13,7,ok,a2,7.900504937532933,7.900504937532928
72310013883,2024,TMP,13173,24,3.3407011559814957e-13,2.2255094485259953e-13,50.09346118020567,932.8051387823347,4.547551095982158e-13,8,ok,b2,9.220920201457357,9.220920201457362
72310613744,2024,TMP,11724,24,3.6826515247328203e-13,2.2255094485259953e-13,55.10702178075439,945.67991364034,5.315301536997278e-13,8,ok,b2,8.587863089629044,8.587863089629076
72311013873,2024,TMP,14064,24,3.5940921342871146e-13,2.2255094485259953e-13,50.5669254480492,925.3228230818473,1.3909099770971398e-13,6,ok,b2,9.20144726277382,9.201447262773854
72312003870,2024,TMP,13758,24,1.4212514320897308e-13,2.2255094485259953e-13,50.39260126440673,926.8029769214331,2.1768984992616377e-13,8,ok,b2,9.419027675061239,9.419027675061251
72313993729,2024,TMP,11488,24,1.7531871613547317e-13,2.2255094485259953e-13,53.10736713644772,909.1898265595667,8.741449349460754e-13,8,ok,b2,8.278312173097692,8.278312173097728
72314013881,2024,TMP,13416,24,2.9079523201743414e-13,2.2255094485259953e-13,49.786609417617576,931.066037193216,4.138353485329248e-13,8,ok,b2,9.446296586663411,9.446296586663431
72315003812,2024,TMP,15094,24,2.0375379412915196e-13,2.2255094485259953e-13,52.5115503484804,931.902071590034,7.748200995417264e-12,7,ok,b2,8.988216622220133,8.988216622220145
72317013723,2024,TMP,13342,24,2.2477055177668177e-13,2.2255094485259953e-13,49.81934184032756,925.0097399733953,1.9829020352155618e-13,8,ok,b2,9.694934668130466,9.69493466813048
72320093801,2024,TMP,13910,24,3.1990547225591905e-13,2.2255094485259953e-13,51.642577810309334,936.4405328490061,3.436793629830856e-13,8,ok,b2,9.564180760401594,9.56418076040162
72323003856,2024,TMP,13671,24,4.731783720143671e-13,2.2255094485259953e-13,49.148406769833265,907.2977559382758,1.6524429445772514e-12,8,ok,b2,9.810767074977717,9.810767074977743
72323513896,2024,TMP,11236,24,3.5601240575410577e-13,2.2255094485259953e-13,50.340160788317455,915.7088975921062,3.290810607835074e-13,8,ok,b1,9.546034521888537,9.546034521888545
72324013882,2024,TMP,13326,24,1.9297155858971303e-13,2.2255094485259953e-13,49.39829757747778,921.0593363278548,1.4535661149694518e-12,8,ok,b2,10.200481397716834,10.200481397716864
72326013891,2024,TMP,13552,24,1.7030407111598136e-13,2.2255094485259953e-13,50.052701825219756,922.7493318640361,1.7514873252454024e-13,8,ok,b2,9.96922917663495,9.969229176634961
72327013897,2024,TMP,13029,24,2.302935322937802e-13,2.2255094485259953e-13,49.18997609248945,909.7733883255733,4.920588521492197e-13,8,ok,b1,10.229942128556363,10.22994212855636
72330003975,2024,TMP,11341,24,1.2099038966167384e-12,2.2255094485259953e-13,51.79014335459748,904.570816485158,3.115409330988704e-13,8,ok,b1,10.240111708799038,10.24011170879904
72332093862,2024,TMP,14159,24,3.170251699549354e-13,2.2255094485259953e-13,50.559127721028254,916.9290505876443,6.925199477063668e-13,8,ok,b1,9.58424617678407,9.584246176784067
72334013893,2024,TMP,13526,24,3.385028689657729e-13,2.2255094485259953e-13,49.387654158268255,912.7090340772339,8.694193865229117e-13,8,ok,b1,9.903052526296145,9.903052526296145
72334603811,2024,TMP,11128,24,5.130595375060988e-13,2.2255094485259953e-13,50.00781039376367,909.6547786626842,2.6295312743527293e-13,8,ok,b1,9.67982894419703,9.679828944197011
72340313963,2024,TMP,10314,24,2.321899336329434e-13,2.2255094485259953e-13,50.165623654795915,912.7137232335457,1.1656661081603255e-13,7,ok,b1,10.023445997684899,10.023445997684878
72340503930,2024,TMP,12810,24,1.3134384143825726e-12,2.2255094485259953e-13,170.69009024100666,872.5811014601155,2.504992080591954e-13,4,ok,b1,9.481016533638838,9.481016533638844
72341793988,2024,TMP,11059,24,3.349970365233809e-13,2.2255094485259953e-13,51.54494994500781,921.1417854432846,1.1944985193810634e-13,8,ok,b1,9.467793891962746,9.467793891962765
72341813977,2024,TMP,11895,24,1.4245552722983149e-12,2.2255094485259953e-13,53.33316946466431,897.1348642280309,2.5696307321899144e-13,8,ok,b1,9.167284550634061,9.167284550634049
72341993992,2024,TMP,11811,24,1.117164497337394e-12,2.2255094485259953e-13,54.05445927707756,872.4265680670111,3.9281199679889485e-13,8,ok,b1,8.6181628611547,8.618162861154689
72344013964,2024,TMP,13628,24,1.7094230092664342e-13,2.2255094485259953e-13,49.40511750547515,899.4591483068219,1.2559273743165538e-13,8,ok,b1,10.474589122465224,10.474589122465229
72344593993,2024,TMP,11046,24,6.994304183335403e-13,2.2255094485259953e-13,50.9679901365292,914.6018816625563,7.816382859520476e-14,8,ok,b1,9.902723153824045,9.902723153824049
72349513987,2024,TMP,10683,24,2.17180295354177e-13,2.2255094485259953e-13,51.25663067510121,889.9784555253094,3.0064231002951094e-13,8,ok,b1,10.675927370180116,10.675927370180117
72351013966,2024,TMP,13086,24,1.1462047081008295e-13,2.2255094485259953e-13,50.59751002584019,908.6958845963101,6.72688427642096e-13,8,ok,b2,10.932464776254047,10.93246477625407
72352593986,2024,TMP,10168,24,1.1521570623634585e-13,2.2255094485259953e-13,51.157550826790064,897.1403577923828,3.269683965767926e-13,7,ok,b2,11.566614995306669,11.566614995306697
72353013967,2024,TMP,13100,24,1.172029911640231e-13,2.2255094485259953e-13,49.84588615658361,897.0618130344609,3.903767845998578e-13,8,ok,b2,11.046171005518685,11.0461710055187
72354013919,2024,TMP,10424,24,1.6978619154118646e-13,2.2255094485259953e-13,52.163941074321436,892.9272602844477,3.477873083379439e-14,6,ok,b2,10.507030784998733,10.50703078499875
72354403954,2024,TMP,10491,24,1.2663565131131716e-13,2.2255094485259953e-13,50.75165298869918,894.7932548587507,2.2183738470135872e-13,7,ok,b2,11.307313410658134,11.307313410658137
72356013968,2024,TMP,12789,24,1.901109366737707e-13,2.2255094485259953e-13,49.076436664127705,917.191719866682,5.614316558319255e-13,8,ok,b1,11.120733394569456,11.120733394569452
72356693950,2024,TMP,11273,24,2.3292966952034775e-13,2.2255094485259953e-13,52.04488520055473,899.9237874281463,2.621296042893685e-13,8,ok,b2,9.760654784065068,9.760654784065059
72360023051,2024,TMP,12673,24,1.0273414514743242e-13,2.2255094485259953e-13,54.07241268633887,921.001296265062,1.9287184811887713e-13,6,ok,b1,11.16414561251682,11.164145612516847
72362723081,2024,TMP,9955,24,5.5423376470318616e-14,2.2255094485259953e-13,55.06882808441809,917.7239837791997,4.358308411725029e-14,6,ok,v,12.722878829416072,12.722878829416059
72363023047,2024,TMP,13169,24,2.4632816401294047e-13,2.2255094485259953e-13,49.93165954907951,907.4178732552134,2.5815261889585376e-13,8,ok,v,11.953365459830783,11.953365459830797
72365023050,2024,TMP,12169,24,8.545968452450386e-14,2.2255094485259953e-13,49.45972146022833,931.0158258734958,3.6735133127904064e-13,8,ok,v,11.972431300787575,11.972431300787592
72365823090,2024,TMP,9266,24,3.8124456994217326e-14,2.2255094485259953e-13,49.95997610164466,923.109813277104,7.98788266032838e-14,7,ok,v,13.094463282950684,13.094463282950693
72370093167,2024,TMP,12186,24,6.504156384181558e-14,2.2255094485259953e-13,50.311640595499085,926.878271029217,2.319721042276176e-13,7,ok,b2,13.09306998349911,13.093069983499072
72371003162,2024,TMP,11405,24,1.0662866636066603e-13,2.2255094485259953e-13,53.81729674514702,905.4428045853274,4.3285627952045365e-13,6,ok,a2,13.937683819676232,13.937683819676218
72372323184,2024,TMP,9642,24,6.880575492273342e-14,2.2255094485259953e-13,51.915635993428005,913.1237365995943,2.440936922977519e-13,6,ok,a2,11.804103783185365,11.804103783185338
72374023194,2024,TMP,11709,24,2.0631065348246194e-14,2.2255094485259953e-13,56.93219092992885,924.5480011335727,2.1669388071314646e-13,7,ok,v,13.092289340798153,13.092289340798168
72378303195,2024,TMP,10156,24,4.777330066971506e-13,2.2255094485259953e-13,53.834601511413695,905.2833795733678,6.607766856664654e-14,6,ok,v,11.665883859865007,11.665883859864978
72381523161,2024,TMP,8984,24,9.346568954212389e-14,2.2255094485259953e-13,49.41215006174702,940.5332504430373,1.0649671555900874e-13,7,ok,b2,12.805775126696448,12.805775126696387
72381603159,2024,TMP,8997,24,1.8748269599109117e-13,2.2255094485259953e-13,49.8750614918541,929.4257646321244,8.031346583344292e-14,7,ok,v,11.605537382421051,11.605537382421037
72384023155,2024,TMP,12628,24,5.861754617448801e-14,2.2255094485259953e-13,49.53638990411287,892.2975814512488,3.9276085752766525e-13,6,ok,a2,11.086076607380008,11.086076607380011
72386023169,2024,TMP,11947,24,1.2506808832099922e-13,2.2255094485259953e-13,49.49210001356692,933.7831403599198,1.0905087392036177e-12,8,ok,a2,14.367231498650208,14.367231498650165
72387003160,2024,TMP,11585,24,3.519569357592294e-14,2.2255094485259953e-13,50.991701482174065,923.2779224969041,6.009893497045376e-13,7,ok,a2,13.305245566964585,13.305245566964567
72389093193,2024,TMP,12348,24,1.3533049075108016e-13,2.2255094485259953e-13,49.08087359682976,888.7586805165506,1.0470431515455764e-12,8,ok,a2,10.87992470666868,10.87992470666867
72392523190,2024,TMP,11039,24,8.846610844800637e-14,2.2255094485259953e-13,51.5621312025777,947.0811381559101,1.7697486195678567e-13,8,ok,b2,3.1236187569072698,3.12361875690731
72392623136,2024,TMP,12229,24,1.1456226242580846e-13,2.2255094485259953e-13,53.26793390225267,943.1433500416838,8.130273337735814e-14,8,ok,b2,4.424395263913221,4.424395263913275
72394023273,2024,TMP,15376,24,6.914053536826215e-14,2.2255094485259953e-13,51.658693559430915,950.9978067823944,5.267256284549018e-13,8,ok,b2,2.24693354235581,2.24693354235582
72396593209,2024,TMP,10737,24,1.5278520401478067e-14,2.2255094485259953e-13,51.87325337636878,865.0386848163046,3.129948936889607e-13,7,ok,a2,7.5645482419587635,7.564548241958773
72401013740,2024,TMP,13294,24,3.402908156161107e-13,2.2255094485259953e-13,50.80801535048015,930.5860892456863,1.826291415921131e-13,8,ok,b2,10.266468713951218,10.266468713951243
72403093738,2024,TMP,13132,24,1.4444220423210625e-13,2.2255094485259953e-13,49.63436731782453,928.922497192471,6.929879229308432e-13,8,ok,a2,11.279900130030441,11.279900130030457
72403513773,2024,TMP,11019,24,1.1665131335027744e-13,2.2255094485259953e-13,52.693789424253445,911.1756913747859,2.144343594447773e-13,8,ok,b2,11.114529196426156,11.114529196426158
72404013721,2024,TMP,10900,24,2.949070007582647e-13,2.2255094485259953e-13,51.21776348921531,914.1894176617739,2.8531414996042003e-13,8,ok,b2,10.857952364272098,10.857952364272109
72405013743,2024,TMP,13834,24,1.148031373609622e-13,2.2255094485259953e-13,49.89229659695034,908.4181120369332,6.289629998260752e-13,8,ok,b2,11.133579914587301,11.133579914587303
72406093721,2024,TMP,13148,24,7.827320948936586e-14,2.2255094485259953e-13,49.23614100540866,916.3836333182384,1.809512285035776e-13,8,ok,a2,11.446492892875844,11.446492892875842
72407093730,2024,TMP,14431,24,3.1203666563852397e-13,2.2255094485259953e-13,52.348159720952644,940.2471911818509,2.817116015547336e-13,7,ok,b2,10.78749153756862,10.78749153756862
72407513735,2024,TMP,11289,24,1.6318906365634927e-13,2.2255094485259953e-13,52.4919358445042,924.651483326438,4.788051287378261e-13,8,ok,b2,10.729057531515881,10.729057531515911
72408013739,2024,TMP,13861,24,1.669954627577393e-13,2.2255094485259953e-13,49.596529630059266,911.7765281433125,2.0401500910682417e-13,8,ok,b2,11.433715604519703,11.433715604519724
72408594732,2024,TMP,11314,24,4.0284373941384695e-14,2.2255094485259953e-13,51.27815298836493,900.180110083764,2.3338138933141514e-13,8,ok,a2,11.468475761173101,11.468475761173092
72408813707,2024,TMP,13503,24,3.133609862384844e-13,2.2255094485259953e-13,56.155482102080455,937.4710602902051,6.093555815983557e-13,5,ok,b2,10.393972562079552,10.39397256207959
72409614706,2024,TMP,14009,24,1.9049294841687089e-13,2.2255094485259953e-13,52.87723596357071,923.3805105141296,2.3981934292083555e-13,5,ok,b2,10.890448735606698,10.890448735606716
72410013733,2024,TMP,12941,24,1.799921681131934e-13,2.2255094485259953e-13,53.055143854269005,957.5344375682023,7.937409319040209e-13,8,ok,b2,9.941991070195915,9.94199107019593
72411013741,2024,TMP,13206,24,1.0234652327214403e-13,2.2255094485259953e-13,49.38917182822497,918.2320885314729,8.590719064621508e-13,7,ok,b2,10.517352386666218,10.517352386666232
72412003872,2024,TMP,15594,24,1.936820601511351e-13,2.2255094485259953e-13,49.62345403750186,886.3929282725522,3.622351762442705e-13,7,ok,b2,10.317144496446074,10.317144496446094
72414013866,2024,TMP,12757,24,1.4781774352152534e-13,2.2255094485259953e-13,48.93637436124099,916.5931766326717,1.1713682618902363e-12,8,ok,b2,10.648555586310808,10.648555586310827
72417013729,2024,TMP,16588,24,1.7698629821488562e-13,2.2255094485259953e-13,63.075790244583544,922.091638195102,2.1173277197486137e-13,5,ok,b2,10.065453345995593,10.065453345995598
72417613736,2024,TMP,11705,24,2.4761180265824004e-13,2.2255094485259953e-13,50.118086409610115,896.6336220739078,3.5338732462698324e-13,8,ok,b2,10.384448456395823,10.384448456395846
72417713734,2024,TMP,11217,24,2.7178445337855835e-13,2.2255094485259953e-13,52.17990919695903,911.7118469402062,5.703603622146034e-13,8,ok,b2,10.798664685985987,10.798664685985973
72421093814,2024,TMP,13742,24,1.8363156101368722e-13,2.2255094485259953e-13,48.658912643857676,898.8696208831155,2.603779396710809e-13,8,ok,b2,11.175826216283808,11.175826216283822
72422093820,2024,TMP,14271,24,1.9997827466186835e-13,2.2255094485259953e-13,49.19227289617077,918.5133429224937,1.1691784616298292e-12,8,ok,b2,10.519870382357297,10.51987038235732
72423093821,2024,TMP,13821,24,1.7414704037447944e-13,2.2255094485259953e-13,49.66031101710473,901.0884070931608,3.1301505201704527e-13,8,ok,b2,10.853765707841285,10.853765707841305
72423513810,2024,TMP,11442,24,1.8640404019246926e-13,2.2255094485259953e-13,50.79799319886025,900.8508415627848,1.193778311609614e-13,7,ok,b2,10.324237634729917,10.32423763472994
72424013807,2024,TMP,17972,24,2.0329416456391268e-13,2.2255094485259953e-13,54.71990341170617,867.2576346886094,1.8151288213678421e-13,5,ok,b2,9.946302948296585,9.94630294829662
72425003860,2024,TMP,14084,24,1.4180698977686026e-13,2.2255094485259953e-13,48.78222904146828,914.4014629698166,7.919971430193988e-13,6,ok,b2,10.532766667311432,10.53276666731144
72427303804,2024,TMP,10816,24,1.451734023639166e-13,2.2255094485259953e-13,49.520259110355006,931.1798649068293,1.40623609279097e-12,7,ok,b2,10.601856782437208,10.601856782437215
72428014821,2024,TMP,13263,24,3.1974653214875995e-13,2.2255094485259953e-13,48.706680265355615,903.1520308966066,3.5934542439471393e-13,8,ok,b2,11.706770036547557,11.706770036547587
72428693824,2024,TMP,11719,24,3.2127486408329607e-13,2.2255094485259953e-13,50.14023417288547,890.2123769795919,2.0979197223808078e-13,8,ok,b2,10.55599667139222,10.555996671392256
72429093815,2024,TMP,13940,24,4.4268837424124266e-13,2.2255094485259953e-13,49.23538945397119,890.1001967279195,8.364282154814608e-13,8,ok,b2,11.372451453008662,11.37245145300871
72429793812,2024,TMP,12264,24,1.7070687089120737e-13,2.2255094485259953e-13,49.3686915587629,923.0694094944829,4.236974450826155e-13,8,ok,b2,10.43221510734779,10.432215107347817
72432093817,2024,TMP,13828,24,2.4965516531104785e-13,2.2255094485259953e-13,49.019709409165884,905.0135660616041,2.0651353147306994e-13,8,ok,b2,10.852374781520046,10.85237478152007
72433813802,2024,TMP,12482,24,2.9625207327685784e-13,2.2255094485259953e-13,52.158689187633804,896.7753627860545,5.052306654539999e-13,6,ok,b2,10.834974689707895,10.834974689707929
72434013994,2024,TMP,13511,24,2.607109056055762e-13,2.2255094485259953e-13,49.24542671441471,878.2930811596917,4.542098524857022e-13,8,ok,b2,11.395952388352175,11.395952388352187
72434503966,2024,TMP,10998,24,4.2734781473932796e-13,2.2255094485259953e-13,49.88036660385342,911.8075070273769,1.891616634323168e-12,8,ok,b1,11.087743890868682,11.087743890868683
72435003816,2024,TMP,14073,24,5.336455917477949e-13,2.2255094485259953e-13,49.327929235019894,907.2592140886467,2.0279916819055722e-13,8,ok,b1,9.923388113342268,9.923388113342265
72438093819,2024,TMP,13791,24,2.8143468499966507e-13,2.2255094485259953e-13,49.08302540222946,889.0491167970598,9.840647044147177e-13,8,ok,b2,11.480092724453216,11.480092724453229
72438614835,2024,TMP,11655,24,3.4547343928582474e-13,2.2255094485259953e-13,49.75632243679315,891.096347997562,5.262630840594639e-13,8,ok,b2,11.218613880082787,11.218613880082808
72439093822,2024,TMP,10579,24,1.8342158399899815e-12,2.2255094485259953e-13,53.10646494364389,858.3989764570679,5.501057063013521e-13,7,ok,b2,11.64822365997046,11.648223659970492
72440013995,2024,TMP,13674,24,2.745129488590631e-13,2.2255094485259953e-13,49.73577112592281,880.0461853576238,4.4072573257407785e-13,8,ok,b1,10.70876131717208,10.708761317172085
72445003945,2024,TMP,13430,24,2.490403298485008e-13,2.2255094485259953e-13,48.99320407106746,895.1723384970294,3.366591287033372e-13,8,ok,b2,11.443530468915446,11.443530468915455
72446003947,2024,TMP,13186,24,1.3938907404687144e-13,2.2255094485259953e-13,49.3907601075423,886.8737472473863,3.094875305876794e-13,8,ok,b2,12.047850973062278,12.047850973062285
72446313988,2024,TMP,10542,24,1.5789053957646697e-13,2.2255094485259953e-13,49.85281740366491,871.0122174837019,3.8270368464872623e-13,8,ok,b2,12.104260592668027,12.104260592668052
72446713930,2024,TMP,11558,24,2.0523775933372355e-13,2.2255094485259953e-13,53.723979716723655,858.9973176453012,2.4129504470323943e-13,5,ok,b2,11.330179341518903,11.330179341518894
72450003928,2024,TMP,12912,24,1.1068822037620913e-13,2.2255094485259953e-13,49.23437729532589,908.2673332656128,2.319510942978328e-12,7,ok,b2,12.146298216148418,12.14629821614845
72450503923,2024,TMP,12162,24,1.0615481593696229e-13,2.2255094485259953e-13,54.133779493675476,839.5057602033824,1.328208195110883e-13,5,ok,b2,11.567717968390978,11.567717968390967
72451013985,2024,TMP,13360,24,8.134482851167114e-14,2.2255094485259953e-13,50.23659493949301,903.7586598132335,6.7126130000069015e-12,7,ok,a2,12.08687676035515,12.08687676035517
72451523064,2024,TMP,10293,24,8.573906045201984e-14,2.2255094485259953e-13,50.98741856920705,882.5735788632509,1.4048849107617982e-13,7,ok,b2,12.419690935653875,12.419690935653907
72452003957,2024,TMP,8751,24,8.084837119801973e-14,2.2255094485259953e-13,49.206917462134825,939.6139483826709,9.615655904922103e-13,7,ok,v,12.415917145926857,12.415917145926864
72456013996,2024,TMP,13536,24,2.257343785540175e-13,2.2255094485259953e-13,50.54769436666436,867.0659370511498,2.68228553657421e-13,8,ok,b2,12.186616124656023,12.186616124656044
72456513920,2024,TMP,10763,24,1.8907080724739206e-13,2.2255094485259953e-13,50.01729051774068,869.875489329418,1.3133191205106244e-13,7,ok,b2,11.97310004816017,11.973100048160184
72458013984,2024,TMP,13631,24,1.2623774433013206e-13,2.2255094485259953e-13,50.225930380378436,859.0615654365758,7.759333296316339e-12,8,ok,b2,12.592565920367312,12.592565920367338
72458593997,2024,TMP,10498,24,1.0531839298099662e-13,2.2255094485259953e-13,51.41630376324159,876.9818447094758,1.8401843698870637e-13,8,ok,b2,12.781083394447958,12.781083394447984
72458603919,2024,TMP,10251,24,1.3130571603139087e-13,2.2255094485259953e-13,50.1729951016236,889.8525203014314,5.021641647757048e-13,8,ok,b2,12.81810242577235,12.818102425772356
72462023061,2024,TMP,12879,24,1.506283354305559e-13,2.2255094485259953e-13,51.97322922224854,928.0645149500741,1.7853280473288207e-13,7,ok,a2,12.136059439108976,12.136059439108958
72463523067,2024,TMP,9849,24,9.057352336969623e-14,2.2255094485259953e-13,51.15044697877259,926.9330557019596,1.1458890453428796e-13,7,ok,b1,13.206107847165388,13.206107847165395
72464093058,2024,TMP,12436,24,8.60534551172636e-14,2.2255094485259953e-13,51.80519941554598,934.6230878186724,5.742347904599124e-13,8,ok,b2,12.914210622071275,12.914210622071295
72464523070,2024,TMP,10202,24,1.1155412317942086e-13,2.2255094485259953e-13,53.09969660377991,930.5245295292539,2.541703860249658e-13,8,ok,b1,12.09502715016201,12.095027150162052
72465023065,2024,TMP,13099,24,1.1093800169580918e-13,2.2255094485259953e-13,51.30542396719848,895.0309528905088,3.4012451727617473e-13,8,ok,v,12.427084081202542,12.42708408120255
72466093037,2024,TMP,10266,24,1.0157501876545414e-13,2.2255094485259953e-13,51.55524723890151,949.7462553975706,1.5259847963545874e-13,8,ok,b2,11.22669338689358,11.22669338689363
72466593010,2024,TMP,10514,24,9.831918670314231e-14,2.2255094485259953e-13,53.400155593008236,924.3222027856513,1.154102733015916e-13,5,ok,b1,12.728583693256056,12.728583693256086
72466693067,2024,TMP,9835,24,2.116488136248032e-13,2.2255094485259953e-13,51.10295350921913,938.6327708684738,2.0236225345460706e-13,8,ok,a2,11.549214466677089,11.549214466677142
72469523036,2024,TMP,9556,24,1.1812076027485466e-13,2.2255094485259953e-13,50.553416697974875,944.0248162163987,1.5665388077760345e-13,7,ok,a2,11.510730714620998,11.510730714621053
72469824015,2024,TMP,10807,24,7.63025763736345e-14,2.2255094485259953e-13,56.08070914148371,934.8709504434286,3.150111082444831e-12,7,ok,b1,11.868335010123495,11.868335010123552
72470093141,2024,TMP,8792,24,5.290377162149517e-14,2.2255094485259953e-13,324.311895278516,1072.5021747514502,4.7673816674839e-13,5,ok,a2,13.983600929852027,13.983600929852008
72475593129,2024,TMP,9938,24,3.356465723830381e-14,2.2255094485259953e-13,50.877980573040546,901.7025599674975,1.1837839860088638e-13,8,ok,b2,12.970935742170257,12.970935742170237
72476023066,2024,TMP,12724,24,8.827597177846761e-14,2.2255094485259953e-13,50.85962423850407,923.6366722890426,3.228377178592763e-13,8,ok,v,13.712947689791077,13.712947689791083
72476593013,2024,TMP,9949,24,8.629844554718956e-14,2.2255094485259953e-13,50.05702454601074,909.9142516168658,3.1879230906077806e-13,7,ok,a2,12.515190082827681,12.515190082827683
72480023157,2024,TMP,11720,24,3.534303835151808e-13,2.2255094485259953e-13,49.62773773548184,935.0923578421691,5.230253159658636e-13,8,ok,v,12.56534133268958,12.565341332689549
72483023232,2024,TMP,10260,24,4.306396295362625e-14,2.2255094485259953e-13,51.400336175002096,894.046828052589,1.0112875409098998e-12,8,ok,b2,8.632418097280866,8.632418097280853
72483993225,2024,TMP,9566,24,7.7145417221325e-14,2.2255094485259953e-13,49.38388177409854,891.1301443974971,2.6704591689963843e-12,8,ok,b2,8.809619871873002,8.809619871872966
72485523153,2024,TMP,9331,24,1.1185375917413849e-13,2.2255094485259953e-13,50.90004901591544,915.383815636295,2.290117471744099e-13,7,ok,b2,13.037238888233494,13.037238888233468
72486023154,2024,TMP,12864,24,3.9262472897038447e-14,2.2255094485259953e-13,51.29532191399089,884.7888091856297,3.292269522667177e-13,8,ok,b2,12.238482924245172,12.238482924245153
72488023185,2024,TMP,12015,24,6.400263734763961e-14,2.2255094485259953e-13,49.73237943953059,922.6458721783268,9.063193981245328e-13,8,ok,b2,12.16169690010415,12.161696900104136
72492023237,2024,TMP,12722,24,7.873335588440435e-14,2.2255094485259953e-13,49.55762190667773,891.4832731711849,8.862687285140142e-13,8,ok,a2,9.297922397674288,9.29792239767427
72493023230,2024,TMP,10105,24,2.891615370836452e-13,2.2255094485259953e-13,49.39968794305651,916.5371488756235,5.161421885129567e-13,8,ok,b2,3.7662225320311524,3.7662225320310894
72494023234,2024,TMP,12697,24,5.322613382401155e-13,2.2255094485259953e-13,49.13395809236008,912.238070512056,1.1755570650155203e-12,8,ok,b2,2.555514585436466,2.555514585436391
72502014734,2024,TMP,12701,24,2.7137245555353375e-13,2.2255094485259953e-13,49.616283639620846,925.465688359406,4.587893908962663e-13,7,ok,b2,11.954622319757897,11.954622319757913
72502594741,2024,TMP,10377,24,9.735756334150308e-14,2.2255094485259953e-13,50.005512542984114,923.8506127775473,9.343071710677147e-14,8,ok,a2,11.824125734601747,11.824125734601742
72503014732,2024,TMP,13025,24,1.818618948987257e-13,2.2255094485259953e-13,49.73827502515463,924.0286889748933,1.4067085461278738e-12,8,ok,b2,11.532882376602236,11.532882376602243
72503614757,2024,TMP,11227,24,4.903637244796834e-13,2.2255094485259953e-13,52.942761479141225,908.0351691370212,2.598487215780719e-13,7,ok,b2,11.784210065448804,11.784210065448773
72503794745,2024,TMP,10457,24,3.312308788992093e-13,2.2255094485259953e-13,52.32986133637433,938.1943793181513,2.959993713016009e-13,8,ok,b2,11.383806133150438,11.383806133150449
72504094702,2024,TMP,13918,24,1.820890558761176e-13,2.2255094485259953e-13,50.035664524391805,920.0967981633092,6.202138322977294e-13,7,ok,a2,11.231065390246991,11.23106539024701
72506454769,2024,TMP,11927,24,2.5624716605852283e-14,2.2255094485259953e-13,54.04876589712474,929.5632149603101,4.613208599668829e-13,8,ok,a2,10.620110497480836,10.620110497480828
72507014765,2024,TMP,13900,24,8.509381661214835e-14,2.2255094485259953e-13,50.55248798478771,924.3809313130955,4.3528373989337503e-13,8,ok,a2,11.045076327038101,11.045076327038093
72508014740,2024,TMP,13553,24,2.1911785623547628e-13,2.2255094485259953e-13,49.39771007287442,919.25303000517,4.3341398845943626e-13,8,ok,a2,12.272961552099648,12.272961552099634
72509014739,2024,TMP,13558,24,2.6952768580558765e-13,2.2255094485259953e-13,49.834471943958214,914.2831821200733,2.5306922459190537e-13,8,ok,b2,11.32399389979107,11.323993899791068
72512504787,2024,TMP,13963,24,5.607249851764404e-13,2.2255094485259953e-13,51.238299968742915,883.3605685694903,8.654472962919213e-13,8,ok,b2,11.171946015276742,11.171946015276765
72512614736,2024,TMP,12503,24,6.900806410820813e-14,2.2255094485259953e-13,50.6857936954121,900.5806627567707,3.3545933439406336e-13,8,ok,a2,11.06611934179398,11.066119341794
72512704726,2024,TMP,14230,24,2.0756915177026179e-13,2.2255094485259953e-13,51.84042156193494,862.1504529825213,5.029780769114012e-13,8,ok,b2,11.176753399392313,11.17675339939233
72513014777,2024,TMP,14670,24,2.2730703097131445e-13,2.2255094485259953e-13,49.91272941658971,894.8328266905959,4.035527965840857e-13,8,ok,b2,11.833377969475528,11.83337796947556
72514014778,2024,TMP,14892,24,2.6827394721617094e-13,2.2255094485259953e-13,48.73061701185744,912.9548476873417,1.9807041852863785e-13,8,ok,b2,11.498827967973964,11.498827967973964
72515004725,2024,TMP,16144,24,2.774781767594215e-13,2.2255094485259953e-13,50.06043586814444,903.1233453459384,3.1552631765202584e-13,8,ok,a2,11.96325156039993,11.963251560399943
72515614748,2024,TMP,12985,24,2.7362357131515215e-13,2.2255094485259953e-13,51.63624099416804,950.2322370003832,2.165195832001543e-13,8,ok,b2,11.18187171354963,11.181871713549638
72517014737,2024,TMP,13577,24,3.626052946462809e-13,2.2255094485259953e-13,48.998544957468624,908.0791676151055,2.585572212139781e-13,8,ok,a2,11.825682298874762,11.825682298874753
72518014735,2024,TMP,14030,24,2.9728180139929e-13,2.2255094485259953e-13,49.829227558605886,895.2355641046197,4.31585027657539e-13,8,ok,a2,13.0374757758442,13.03747577584418
72519014771,2024,TMP,14001,24,3.951754344405312e-13,2.2255094485259953e-13,50.17155034111024,896.5990319466705,2.7399653147522886e-12,8,ok,a2,12.741966996377988,12.741966996377979
72520094823,2024,TMP,13000,24,4.579088360924801e-13,2.2255094485259953e-13,48.8778153745263,909.701686231932,1.4871871069761832e-12,7,ok,b2,11.441775744429448,11.441775744429464
72520514762,2024,TMP,11957,24,4.27387791836312e-13,2.2255094485259953e-13,50.67551814220526,888.6654701480032,2.4401198313211262e-12,6,ok,b2,11.40260559288506,11.402605592885104
72521014895,2024,TMP,13458,24,4.3539696585370676e-13,2.2255094485259953e-13,48.974077987242644,905.679257832932,2.0790959103357298e-13,8,ok,b2,11.936489439154942,11.936489439154961
72524014820,2024,TMP,14026,24,1.0515979930640404e-12,2.2255094485259953e-13,50.19150156155107,895.556992829445,7.243846573588008e-13,8,ok,b2,11.924951884283605,11.924951884283656
72524504853,2024,TMP,11204,24,8.604137463844063e-13,2.2255094485259953e-13,50.31870235345169,897.3370985431245,3.7500639848322165e-13,8,ok,b2,11.729052409999419,11.729052409999435
72525014852,2024,TMP,13396,24,1.0414128826294523e-12,2.2255094485259953e-13,49.102417374785986,901.6815191401266,1.0304960275384762e-11,7,ok,b2,11.291282178206565,11.291282178206595
72526014860,2024,TMP,15250,24,1.0048427451512461e-12,2.2255094485259953e-13,51.625025323336914,905.6356758299116,4.902596228521702e-13,8,ok,b2,12.220006708330946,12.220006708330974
72526604751,2024,TMP,15178,24,7.555757866084709e-13,2.2255094485259953e-13,51.586739450917044,896.3644704833141,5.279062871638036e-13,8,ok,b2,11.291109732289787,11.291109732289808
72528014733,2024,TMP,14435,24,8.505518673211498e-13,2.2255094485259953e-13,50.379026346656694,885.4932431020839,6.399288021227241e-13,8,ok,b2,12.280502592752798,12.280502592752832
72528704724,2024,TMP,12715,24,8.300175734224601e-13,2.2255094485259953e-13,52.35675028616116,877.0753491706236,4.0917716617021917e-13,8,ok,b2,12.09991053619732,12.099910536197347
72529014768,2024,TMP,14105,24,3.1182687070540686e-13,2.2255094485259953e-13,50.41588016923647,894.2419662606351,1.3411913957872155e-12,8,ok,a2,12.111074426283974,12.11107442628398
72530094846,2024,TMP,13652,24,4.630146596357391e-13,2.2255094485259953e-13,49.54724991666372,883.9157205075969,1.1340454983024594e-12,8,ok,b2,12.346903747537329,12.346903747537372
72530594892,2024,TMP,11166,24,1.7197198417622034e-12,2.2255094485259953e-13,161.735486816503,921.5183906302282,4.3530555985510837e-13,8,ok,b2,12.431257192924088,12.431257192924138
72531603887,2024,TMP,11010,24,4.3936966823476067e-13,2.2255094485259953e-13,50.36436143252528,868.6813062273513,2.6225774640862366e-13,8,ok,b2,11.756461774498016,11.756461774498039
72532014842,2024,TMP,13214,24,4.892514339623619e-13,2.2255094485259953e-13,49.04834301954872,886.1292265909568,1.0630927871759107e-12,8,ok,b2,12.211915472580237,12.211915472580262
72533014827,2024,TMP,13702,24,1.457688441726665e-12,2.2255094485259953e-13,49.739130656896464,891.5818725764597,4.62881010113831e-13,8,ok,b2,11.765132139401587,11.765132139401606
72534014819,2024,TMP,11702,24,4.4448465307286213e-13,2.2255094485259953e-13,49.50447977177964,892.7099703372437,6.692983660380541e-13,8,ok,b2,12.397888225000303,12.397888225000353
72535014848,2024,TMP,14574,24,4.652530786767191e-13,2.2255094485259953e-13,50.64124231806542,890.4988442224256,3.9460068584572556e-13,8,ok,b2,11.831525672090162,11.83152567209019
72536094830,2024,TMP,13931,24,4.917258623317172e-13,2.2255094485259953e-13,52.05388021170037,855.5625084589093,1.4909760173475077e-12,7,ok,b2,11.335501201988889,11.335501201988912
72536614825,2024,TMP,11833,24,7.903651442883262e-13,2.2255094485259953e-13,52.0710363434051,870.4253824811803,1.2732373231532277e-13,8,ok,b2,11.771479555649046,11.771479555649083
72537094847,2024,TMP,13938,24,5.935971537880724e-13,2.2255094485259953e-13,49.92927212670556,879.5431377582786,2.2762136756652997e-12,8,ok,b2,12.052155202202007,12.052155202202028
72537514822,2024,TMP,11577,24,6.602005438064743e-13,2.2255094485259953e-13,50.53727471884973,878.9598274442197,4.849215734403037e-12,8,ok,b2,11.897885095260163,11.89788509526019
72537614853,2024,TMP,11606,24,1.1065191332967862e-12,2.2255094485259953e-13,51.03984711111235,877.5751142793497,6.362402776564168e-13,8,ok,b2,11.747479846622012,11.747479846622031
72537714804,2024,TMP,12778,24,8.289817352505777e-13,2.2255094485259953e-13,51.36647192884671,867.4900343790982,9.165315841606572e-13,7,ok,b2,11.599216783791944,11.599216783791967
72539014836,2024,TMP,14554,24,1.3480214804414596e-12,2.2255094485259953e-13,50.586279785375034,896.0129277683438,8.587789380454528e-13,8,ok,b2,12.011984596881083,12.011984596881122
72539514833,2024,TMP,12337,24,7.238483305327636e-13,2.2255094485259953e-13,49.91016863828372,903.2270547856591,3.8100118405433415e-13,8,ok,b2,11.365453808937408,11.365453808937456
72543094822,2024,TMP,13542,24,1.3480879816645263e-12,2.2255094485259953e-13,49.11341484686073,889.1471487477362,1.638119726016011e-12,8,ok,b2,12.48170916653579,12.481709166535827
72544014923,2024,TMP,13604,24,5.094147517128298e-13,2.2255094485259953e-13,48.90140792524561,881.3192266063771,4.614013926795335e-13,8,ok,b2,12.24289247407463,12.242892474074644
72545014990,2024,TMP,11255,24,5.046903437118403e-13,2.2255094485259953e-13,51.399518438139246,881.7040821933331,4.490943557217055e-13,8,ok,b2,12.494840633040072,12.494840633040093
72546014933,2024,TMP,13272,24,1.3004580038693628e-13,2.2255094485259953e-13,49.525514305916374,881.6776625055828,2.434559051737894e-13,8,ok,b2,13.40179690233478,13.401796902334803
72546514950,2024,TMP,11299,24,3.9263096885122564e-13,2.2255094485259953e-13,51.12759721763016,873.9797192886106,2.7130455490280245e-13,8,ok,b2,12.149987743877341,12.149987743877373
72547094908,2024,TMP,14303,24,5.009183823119451e-13,2.2255094485259953e-13,50.36726027495728,879.2524962126555,2.5738231028452056e-13,8,ok,b2,12.642604377085512,12.64260437708555
72548094910,2024,TMP,14009,24,2.337489359819359e-13,2.2255094485259953e-13,50.53138682931176,886.0520430345885,2.7562445216958255e-13,8,ok,b2,13.067706478884215,13.067706478884231
72548514940,2024,TMP,11373,24,1.9152241327615513e-13,2.2255094485259953e-13,55.98368931803058,876.141077227774,7.986499648103613e-13,7,ok,b2,12.971472044069813,12.971472044069836
72550014942,2024,TMP,12998,24,1.6333815006697914e-13,2.2255094485259953e-13,49.09937406068921,877.6277623192077,1.7339050881968159e-12,8,ok,b2,13.469140182463196,13.469140182463232
72551014939,2024,TMP,13158,24,1.9270541236553799e-13,2.2255094485259953e-13,49.12626458425162,881.8945594475441,5.686052351609756e-13,8,ok,b2,13.293582222960843,13.29358222296088
72552014935,2024,TMP,13630,24,3.4078257185105115e-13,2.2255094485259953e-13,50.37073842235904,876.0419743407582,2.553565544144336e-13,8,ok,v,13.052184683786265,13.052184683786281
72552594949,2024,TMP,10731,24,1.068672005004028e-13,2.2255094485259953e-13,50.369216444228215,864.3450008968327,9.42307512937434e-14,8,ok,b2,12.931135036593707,12.931135036593709
72554014949,2024,TMP,10594,24,1.6096504718709825e-13,2.2255094485259953e-13,50.23330196288841,872.2718960998673,7.121523165325626e-14,5,ok,b2,13.011533767850374,13.011533767850414
72556014941,2024,TMP,13851,24,7.873537319314476e-14,2.2255094485259953e-13,50.23227631883239,872.3001014594847,8.899227059225481e-13,8,ok,b2,13.120076417908246,13.12007641790824
72557014943,2024,TMP,13766,24,1.8406525775526003e-13,2.2255094485259953e-13,49.77279088087771,873.718136677506,6.90096689593404e-13,8,ok,b2,13.278634905478942,13.278634905478947
72561024030,2024,TMP,10262,24,2.291479201428258e-12,2.2255094485259953e-13,34910570.25771818,1079.7356313846356,1.1401806370535414e-13,7,ok,a2,12.546413642372315,12.54641364237132
72562024023,2024,TMP,13303,24,1.074974870558426e-13,2.2255094485259953e-13,52.104667211224815,879.8967659792811,7.467112266429674e-13,8,ok,b2,12.831617840344999,12.831617840345025
72564024018,2024,TMP,13001,24,1.4572503688721084e-13,2.2255094485259953e-13,50.41008612153483,928.8131759336715,2.5576237410243555e-13,6,ok,a2,11.134339173226122,11.134339173226154
72564524022,2024,TMP,10621,24,1.0241506562896118e-13,2.2255094485259953e-13,53.29349240349182,918.8838424600547,2.02511855767325e-13,8,ok,a2,11.462490416407404,11.462490416407414
72565003017,2024,TMP,12986,24,1.0528816263232543e-13,2.2255094485259953e-13,51.88145803906676,940.0813427298441,6.025031016685074e-13,8,ok,v,11.971179647634543,11.971179647634571
72566024028,2024,TMP,12792,24,5.822236443172754e-14,2.2255094485259953e-13,51.54542475670138,910.202281269958,2.2063449915773494e-13,8,ok,b1,12.818057152770338,12.818057152770352
72567024032,2024,TMP,13754,24,8.883709601022004e-14,2.2255094485259953e-13,54.36319900718459,871.6511987082307,1.3295722068707221e-12,8,ok,v,13.7662163377272,13.766216337727196
72569024089,2024,TMP,13076,24,1.939033358280427e-13,2.2255094485259953e-13,49.73790266511874,917.3583844018855,2.0817035122587668e-13,8,ok,a2,11.934008790210298,11.934008790210324
72570024046,2024,TMP,11584,24,1.7726745231165382e-13,2.2255094485259953e-13,67239.83140833372,819.9707035945584,1.0872204506396922e-13,5,ok,a2,14.677806535198773,14.677806535198652
72572024127,2024,TMP,12631,24,7.330272427638335e-14,2.2255094485259953e-13,50.6247913911944,906.052945761631,1.6725368362980056e-13,7,ok,a2,13.457671674373834,13.457671674373833
72574424027,2024,TMP,10662,24,5.11979751959444e-14,2.2255094485259953e-13,51.07287567358553,860.0393661490573,1.002735602084221e-12,7,ok,a2,12.925626673484388,12.925626673484372
72575524101,2024,TMP,11783,24,6.46650657381487e-14,2.2255094485259953e-13,53.695299837980535,855.1112713033889,9.306790240798359e-14,4,ok,a2,12.879493401029029,12.879493401029041
72576024021,2024,TMP,9980,24,5.241672091228754e-13,2.2255094485259953e-13,52.1325817704605,916.412302374529,4.113491719935523e-13,8,ok,v,13.256362293123658,13.256362293123665
72578024156,2024,TMP,13402,24,6.295264738641706e-14,2.2255094485259953e-13,50.43113724889892,845.1465880999402,1.7519913131965342e-12,6,ok,b2,12.09485114294843,12.094851142948455
72580524172,2024,TMP,9542,24,2.7673762828630572e-14,2.2255094485259953e-13,49.52363584816166,891.097822864484,5.76005632267627e-13,7,ok,b2,13.026937592000944,13.02693759200092
72582524121,2024,TMP,10113,24,3.160523470950115e-14,2.2255094485259953e-13,51.07200266641981,856.2724399514831,1.6190102123023945e-13,6,ok,b2,12.360595075714224,12.360595075714203
72583024128,2024,TMP,12072,24,2.189371660144707e-14,2.2255094485259953e-13,50.25445660083139,874.186804545271,5.538990319041065e-12,5,ok,a2,12.129649315358327,12.129649315358328
72584523225,2024,TMP,13413,24,1.255296283364408e-13,2.2255094485259953e-13,63.59117975488176,852.5507320491607,1.6646393196807797e-13,7,ok,b2,11.072211317936254,11.072211317936222
72589594236,2024,TMP,10819,24,1.7553521039105692e-14,2.2255094485259953e-13,52.683583867355395,844.2637605586576,3.0322701280010556e-13,8,ok,b2,10.27569389052831,10.275693890528299
72590523275,2024,TMP,11212,24,6.06142662021432e-14,2.2255094485259953e-13,55.18877029135658,838.5412185570214,9.360954155672311e-13,6,ok,a2,8.58154345959816,8.581543459598183
72591024216,2024,TMP,12744,24,4.1935758027280516e-14,2.2255094485259953e-13,61.98311573199034,861.4545159896817,7.428857362463233e-13,8,ok,b2,11.010949863474382,11.010949863474378
72592024257,2024,TMP,13129,24,6.666663954304743e-14,2.2255094485259953e-13,50.35260867012098,870.3876315248582,1.068286705829029e-12,8,ok,b2,11.26754448236452,11.26754448236449
72594524283,2024,TMP,15058,24,1.7022606847326451e-13,2.2255094485259953e-13,54.54211014095067,918.1761723431708,7.483774091376529e-13,8,ok,b2,2.181668636658559,2.1816686366586158
72595724215,2024,TMP,11874,24,1.8596971888011782e-14,2.2255094485259953e-13,89.29410901314388,816.0618642982712,1.488689470049696e-13,6,ok,a2,10.479854321068112,10.479854321068121
72597024225,2024,TMP,13324,24,2.1275635275181696e-14,2.2255094485259953e-13,51.70257920524426,895.1497036553495,8.290714068318575e-13,7,ok,b2,10.180901585627682,10.180901585627717
72597524235,2024,TMP,10064,24,3.5227417595477135e-14,2.2255094485259953e-13,7804.859990884466,814.2592642815157,2.064338556495567e-13,2,ok,b2,9.09985964253404,9.09985964253409
72605014745,2024,TMP,15185,24,2.6495212765783603e-13,2.2255094485259953e-13,50.96068725844299,926.1334943792285,4.115816038894477e-13,8,ok,b2,12.251290817632487,12.25129081763247
72605504743,2024,TMP,10442,24,3.396781453339931e-13,2.2255094485259953e-13,50.99310704336828,935.8189809695552,1.9080957507757855e-13,7,ok,b2,11.853523441936032,11.853523441936014
72606014764,2024,TMP,13889,24,2.361614398515362e-13,2.2255094485259953e-13,50.4997456410506,928.4119759434062,5.550118195463964e-13,8,ok,b2,11.703540921667,11.703540921666983
72614594705,2024,TMP,14622,24,1.4617064266627474e-13,2.2255094485259953e-13,52.94662548141199,903.2945369037434,3.760914648483402e-13,8,ok,b2,12.558551041740758,12.558551041740767
72617014742,2024,TMP,14731,24,5.604038438042734e-13,2.2255094485259953e-13,50.81163226298996,886.7386054667509,1.9641811714703776e-12,8,ok,a2,13.47555252219371,13.475552522193741
72618514605,2024,TMP,12307,24,4.120679613400571e-13,2.2255094485259953e-13,52.73550756254714,944.0651749315285,2.1565925633244514e-13,8,ok,b2,12.114656277478916,12.114656277478911
72622394725,2024,TMP,12899,24,3.723104595736376e-13,2.2255094485259953e-13,51.227245063673315,894.6606844406111,7.364013080845847e-13,8,ok,a2,12.873619546372339,12.8736195463723
72622794790,2024,TMP,12304,24,2.818659429561767e-13,2.2255094485259953e-13,51.57693459054141,899.0362970444097,4.899416965872373e-13,8,ok,a2,12.316027060348503,12.316027060348501
72635094860,2024,TMP,14022,24,1.0598608092053472e-12,2.2255094485259953e-13,50.64281097893188,877.5058335045907,5.614258915822666e-13,8,ok,b2,12.13486938229223,12.134869382292255
72636014840,2024,TMP,14780,24,1.093233422999927e-12,2.2255094485259953e-13,51.09238727143038,869.1593349424744,8.562435736040611e-13,8,ok,b2,11.563445882759742,11.563445882759767
72637014826,2024,TMP,14529,24,5.950164295846258e-13,2.2255094485259953e-13,49.5683176848155,893.3100471569018,1.6618427552488405e-12,8,ok,b2,11.731786191199253,11.731786191199268
72637914845,2024,TMP,11610,24,4.949998162069966e-13,2.2255094485259953e-13,50.152364391998894,879.3682957390267,4.665616548937672e-13,7,ok,b2,12.16282600226812,12.162826002268185
72638094814,2024,TMP,15601,24,1.271875164597399e-13,2.2255094485259953e-13,50.47406061106933,898.7068480750604,1.77245826330359e-13,8,ok,a2,11.766175821789126,11.766175821789146
72638714850,2024,TMP,11195,24,8.145275383753197e-13,2.2255094485259953e-13,50.98513058332352,881.2418949851544,5.582360809317846e-12,8,ok,b2,12.388254973706433,12.388254973706465
72639094849,2024,TMP,15102,24,9.110276998435917e-13,2.2255094485259953e-13,50.078670792249426,898.4728800646284,4.688992733467655e-13,8,ok,b2,11.954385149997591,11.954385149997622
72640014839,2024,TMP,13393,24,2.8293679680993685e-13,2.2255094485259953e-13,49.420569267995596,889.5212786323192,5.47652146468381e-13,8,ok,b2,11.733299085495489,11.733299085495537
72641014837,2024,TMP,14094,24,1.6257349423073968e-12,2.2255094485259953e-13,49.712803639955524,894.2277343741091,3.3476494629392325e-13,8,ok,b2,12.98336903483732,12.983369034837379
72643014920,2024,TMP,10896,24,3.040304563252435e-13,2.2255094485259953e-13,51.13725840021861,912.4472386399848,1.5063025901671052e-13,7,ok,b2,13.129683857642,13.129683857642036
72643514991,2024,TMP,11705,24,4.06598518226196e-13,2.2255094485259953e-13,51.93481120540524,925.5864324034527,1.9780603886916415e-13,8,ok,b2,12.928642115153211,12.928642115153247
72644014925,2024,TMP,14414,24,7.349759559460138e-14,2.2255094485259953e-13,51.00693616916397,880.1302959201057,2.1832428261242e-12,8,ok,b2,13.130762123877943,13.130762123877966
72645014898,2024,TMP,13941,24,6.027867853691523e-13,2.2255094485259953e-13,49.36770844530592,890.9386898307353,7.815069938457635e-13,8,ok,b2,12.777032241581825,12.77703224158188
72646314897,2024,TMP,11656,24,6.379578623346744e-13,2.2255094485259953e-13,51.587160251597034,890.9510754997135,1.2466349022513183e-13,7,ok,b2,12.82667917208518,12.826679172085212
72651014944,2024,TMP,13776,24,3.102484518797018e-14,2.2255094485259953e-13,49.83379284837772,880.0976420697681,6.523066014202846e-12,8,ok,b2,13.795413641974822,13.795413641974843
72651494032,2024,TMP,10996,24,2.7685028605644906e-13,2.2255094485259953e-13,55.33640536363732,924.5792063105408,8.53948432110122e-14,8,ok,a2,11.220689931946488,11.220689931946474
72654014936,2024,TMP,13591,24,8.259915869458041e-14,2.2255094485259953e-13,49.180401374460104,898.9884053339803,2.349006024327945e-12,8,ok,b2,14.200751406444923,14.200751406444892
72654594950,2024,TMP,10986,24,7.692346363750735e-14,2.2255094485259953e-13,51.24240073920765,881.1592523732645,5.42855641154363e-13,8,ok,b2,14.03907556827097,14.039075568270944
72654614946,2024,TMP,12202,24,6.946859722767793e-14,2.2255094485259953e-13,51.87613443323905,864.9069610946384,1.7474733773970734e-12,8,ok,b2,14.26326569032122,14.263265690321193
72655014926,2024,TMP,11087,24,4.7220649462347997e-14,2.2255094485259953e-13,52.031131651380655,918.2101355465813,2.402969745824354e-12,8,ok,v,14.028830877890378,14.028830877890377
72655594938,2024,TMP,12495,24,1.1467632439910233e-13,2.2255094485259953e-13,51.53699773412179,902.5548739026058,1.2667437551182688e-12,8,ok,b2,13.524030680103069,13.524030680103087
72655614992,2024,TMP,11612,24,5.077290788130505e-14,2.2255094485259953e-13,52.138735484666896,895.5745590972894,4.2083496514103227e-13,7,ok,v,13.914586712405722,13.914586712405713
72655714910,2024,TMP,12629,24,2.6794925030118257e-14,2.2255094485259953e-13,53.44726244439356,871.011535514912,1.5724078202828397e-12,8,ok,b2,14.344545484011157,14.34454548401114
72657494985,2024,TMP,12024,24,2.2452396757664862e-13,2.2255094485259953e-13,54.366226674709345,903.5113475925682,6.924668914659633e-13,8,ok,b2,12.555355833423652,12.555355833423677
72658014922,2024,TMP,13732,24,5.89779961135097e-14,2.2255094485259953e-13,50.263671836985516,906.9798942732572,1.6374401834440627e-12,8,ok,b2,14.030286207447418,14.030286207447432
72658414927,2024,TMP,10829,24,2.385808321094315e-14,2.2255094485259953e-13,51.245707390441986,915.0151148571831,1.577259089106291e-13,8,ok,b2,13.636965687260526,13.636965687260524
72659014929,2024,TMP,14069,24,1.0507088452703144e-13,2.2255094485259953e-13,49.526265133330604,915.6183738786797,5.639428477386846e-13,8,ok,b2,14.48796310499938,14.487963104999347
72662024090,2024,TMP,13217,24,9.77320262623565e-13,2.2255094485259953e-13,50.9364766223748,906.0468616103907,2.659718412698089e-13,6,ok,v,13.202960133639825,13.202960133639808
72662524006,2024,TMP,13252,24,8.622994113393961e-14,2.2255094485259953e-13,57.33154854054194,861.2373028089129,1.2820301085732457e-13,5,ok,b2,13.644409140142336,13.644409140142285
72665094023,2024,TMP,10379,24,6.566144069895824e-14,2.2255094485259953e-13,51.72565078225064,896.2004870413497,8.633128815920589e-14,8,ok,a2,12.518598978099007,12.518598978098982
72666024029,2024,TMP,12830,24,9.34310341063803e-14,2.2255094485259953e-13,50.720186510847384,905.6710657839407,2.1431509851113287e-13,7,ok,a2,12.42129666878446,12.421296668784478
72671024164,2024,TMP,10235,24,2.02336799511919e-13,2.2255094485259953e-13,51.61841983876004,901.3082587702803,2.5580618025171166e-13,8,ok,a2,12.94424716145071,12.94424716145071
72677024033,2024,TMP,12840,24,7.119897092416557e-14,2.2255094485259953e-13,50.00998017778411,901.9009342009075,1.107098055130375e-12,7,ok,a2,12.276545977313768,12.276545977313749
72677624036,2024,TMP,11035,24,1.6256225541695118e-13,2.2255094485259953e-13,52.102786622498684,878.959997554808,7.980065726556888e-13,6,ok,c,11.689802680898254,11.68980268089825
72679724132,2024,TMP,10791,24,2.0137391677589848e-13,2.2255094485259953e-13,52.78279477999086,911.3967294228898,3.424183972203149e-13,8,ok,c,12.081522289853817,12.08152228985384
72681024131,2024,TMP,13045,24,1.5889681298397885e-13,2.2255094485259953e-13,50.235334978304465,862.5531576231626,9.48125330981424e-13,8,ok,a2,12.806544340410925,12.806544340410971
72681524106,2024,TMP,11216,24,7.739937783011118e-14,2.2255094485259953e-13,53.31795657857711,867.7951663419378,6.321542252811953e-13,5,ok,b2,12.701981929963102,12.701981929963123
72683094185,2024,TMP,13851,24,4.833780571598544e-14,2.2255094485259953e-13,51.024125940394235,848.8955311844247,2.0921775471043827e-11,8,ok,b2,11.396301360716995,11.396301360717032
72688024155,2024,TMP,13475,24,1.0229046586572737e-13,2.2255094485259953e-13,51.79290757248455,855.5176490189978,6.676388812944215e-13,8,ok,b2,11.141096352985572,11.141096352985606
72688524152,2024,TMP,13612,24,8.126079249756307e-14,2.2255094485259953e-13,92.65760775417554,840.4150766864774,2.6352330161199007e-12,5,ok,b2,8.648523977411218,8.648523977411248
72688624130,2024,TMP,10896,24,6.439520096277277e-14,2.2255094485259953e-13,52.94244596764084,843.7324297546088,1.8671835273709298e-13,8,ok,b1,10.589547607515586,10.589547607515591
72691724284,2024,TMP,12878,24,1.4587428022552334e-13,2.2255094485259953e-13,51.96390024589801,900.0714443646707,4.83581030529127e-13,5,ok,b2,3.7649451543556607,3.764945154355713
72693024221,2024,TMP,13599,24,1.3676345299540395e-13,2.2255094485259953e-13,49.98858768087807,895.1234280228795,3.8724610965354385e-13,8,ok,b2,7.568464367053815,7.56846436705388
72694024232,2024,TMP,13379,24,1.5311614871696954e-13,2.2255094485259953e-13,68.44832097994224,885.8565386552676,9.451337825607034e-13,6,ok,b2,8.336480921732818,8.336480921732882
72698024229,2024,TMP,13253,24,8.270125523503737e-14,2.2255094485259953e-13,49.77183864482155,899.6698472010722,2.0050051501314532e-12,8,ok,b2,7.8611172675001795,7.861117267500203
72698694261,2024,TMP,11415,24,1.2979641385810956e-13,2.2255094485259953e-13,52.75202050809979,882.302614621204,5.010891705665053e-13,8,ok,b2,7.62967215251702,7.629672152517056
72703314609,2024,TMP,13138,24,4.764396511134549e-13,2.2255094485259953e-13,53.38957027087508,947.3767342705878,2.8162812529196657e-12,8,ok,b2,12.276509768524154,12.27650976852418
72712014607,2024,TMP,15400,24,3.8193334405317445e-13,2.2255094485259953e-13,50.74630441711636,917.2918472235057,2.1419679582627002e-13,8,ok,a2,13.385035279602535,13.385035279602537
72734014847,2024,TMP,14657,24,2.467651158587279e-13,2.2255094485259953e-13,53.32246722514835,905.5150780688189,1.2559068923357792e-13,8,ok,b2,12.533663554903098,12.533663554903121
72734714841,2024,TMP,12737,24,1.8386657358029626e-13,2.2255094485259953e-13,52.79565759283396,884.376622088065,2.780165156965066e-13,8,ok,a2,12.056110821374606,12.056110821374629
72744014858,2024,TMP,13809,24,1.6157761516609446e-13,2.2255094485259953e-13,55.575431110375234,899.372543219631,4.1867071157175636e-13,8,ok,b2,12.91979269968766,12.919792699687697
72745014913,2024,TMP,14587,24,2.3935397096305615e-14,2.2255094485259953e-13,50.09321102803724,903.3693777172241,3.27680017035447e-13,8,ok,b2,13.366910215045968,13.36691021504598
72745394967,2024,TMP,11926,24,1.175137040553905e-14,2.2255094485259953e-13,50.39082359081092,892.5951473358607,9.947419232411632e-13,8,ok,a2,14.265109662772076,14.265109662772076
72745594931,2024,TMP,13513,24,9.493075404327491e-14,2.2255094485259953e-13,52.371348650182256,925.9479870676724,1.0395525882335818e-12,8,ok,b2,12.89466544777657,12.894665447776582
72747014918,2024,TMP,14997,24,5.277894494175769e-14,2.2255094485259953e-13,49.43137619926329,900.7510764554879,1.9261865273997676e-12,7,ok,b2,14.179186274407428,14.179186274407405
72747694961,2024,TMP,12415,24,1.5957473463568193e-13,2.2255094485259953e-13,51.18738377969494,893.3330737674522,3.5007499151133713e-12,8,ok,b2,14.239894651652689,14.239894651652671
72753014914,2024,TMP,13897,24,6.038379561278691e-14,2.2255094485259953e-13,50.20078085371786,892.1572193233552,1.2180050639798035e-12,8,ok,b2,15.33885654044149,15.338856540441485
72753514919,2024,TMP,11571,24,1.1666464197486219e-13,2.2255094485259953e-13,51.93823941753477,897.4928207261387,3.27890030899402e-13,8,ok,b2,14.770044403472557,14.770044403472511
72757594925,2024,TMP,13819,24,1.8814445638755815e-13,2.2255094485259953e-13,54.49278076486741,837.2157758360547,5.056092937490017e-13,6,ok,b2,14.96913913869968,14.969139138699642
72764024011,2024,TMP,13857,24,8.342706401632704e-14,2.2255094485259953e-13,50.37052980274443,917.509444509752,5.902509294203243e-13,8,ok,b2,14.839837637120478,14.839837637120436
72767594011,2024,TMP,11342,24,1.9114625609519654e-13,2.2255094485259953e-13,52.29581057774951,892.6051649427072,4.8417298241865755e-14,6,ok,b2,15.411025350164419,15.411025350164392
72767624013,2024,TMP,11322,24,1.2618337279484542e-13,2.2255094485259953e-13,53.549645987624444,893.6775937503392,1.3117406148389587e-13,8,ok,b2,15.316058175273982,15.316058175273936
72768094008,2024,TMP,13505,24,8.837130444581584e-14,2.2255094485259953e-13,51.13726005137558,875.770455264159,1.4241191269918742e-13,8,ok,b2,15.33829341157758,15.338293411577522
72772024144,2024,TMP,12688,24,4.2850747268781034e-14,2.2255094485259953e-13,49.73825120283494,879.4653528338638,2.384923939073505e-13,8,ok,a2,12.701201285431944,12.701201285431923
72773024153,2024,TMP,13930,24,1.0916655107760699e-13,2.2255094485259953e-13,51.05028741451166,876.6633609545022,1.2858577485149992e-12,8,ok,b1,11.305738088307967,11.305738088307969
72775024143,2024,TMP,10335,24,1.5291281149740627e-13,2.2255094485259953e-13,62.69510909523818,925.8147414541128,3.3515801458426e-12,7,ok,a2,12.026592852332941,12.026592852332897
72777094012,2024,TMP,13392,24,1.168670097710648e-13,2.2255094485259953e-13,50.54967668130926,879.2195888130649,2.31758919122244e-13,8,ok,c,14.461134755032273,14.461134755032237
72781024243,2024,TMP,12997,24,1.2287421129794228e-13,2.2255094485259953e-13,50.72947298197148,875.079830772688,1.5816460262941608e-12,8,ok,b1,11.591967463699442,11.591967463699456
72782594239,2024,TMP,10492,24,6.762386434932056e-14,2.2255094485259953e-13,262.12482017063587,848.2179768153079,1.7290548238579574e-12,7,ok,b2,12.412319017716463,12.412319017716474
72783024149,2024,TMP,12807,24,1.2025795774217475e-13,2.2255094485259953e-13,50.133030664159556,863.6810231063289,3.170933716017962e-13,8,ok,a2,11.283646435666729,11.283646435666764
72784624160,2024,TMP,10541,24,8.806679184109435e-14,2.2255094485259953e-13,53.10890409516143,849.3114255570098,2.053037958472758e-13,8,ok,b2,11.278435252048899,11.278435252048926
72785024157,2024,TMP,13458,24,2.138855675273742e-13,2.2255094485259953e-13,50.78033722972709,883.6030718472106,2.97661686559302e-12,8,ok,a2,11.755214751729897,11.755214751729929
72785524114,2024,TMP,12698,24,2.2309363050250132e-13,2.2255094485259953e-13,55.9794532196982,872.6180964032177,5.407353486441879e-13,6,ok,a2,10.78441981975228,10.78441981975229
72785694176,2024,TMP,10666,24,1.0868584338585827e-13,2.2255094485259953e-13,52.69400151208212,870.0905383940257,8.026839427051425e-12,8,ok,a2,10.959448402372551,10.9594484023726
72791094224,2024,TMP,16666,24,1.95981291602382e-13,2.2255094485259953e-13,55.72789146869707,902.51217078362,3.237990242135935e-13,7,ok,a2,4.508740949010016,4.508740949010084
72792024227,2024,TMP,17067,24,2.0900587204860085e-13,2.2255094485259953e-13,52.60711698537789,875.6355436344835,2.105012987780054e-12,8,ok,b2,6.445858750584002,6.44585875058406
72793024233,2024,TMP,13786,24,1.1801164952264422e-13,2.2255094485259953e-13,50.113950302272585,911.1849116326101,1.8392195782753716e-12,8,ok,a2,6.5269802277407125,6.526980227740737
72793524234,2024,TMP,10493,24,1.7638171290326598e-13,2.2255094485259953e-13,49.30580177143402,912.90343644885,5.574528843829404e-12,8,ok,a2,6.863322019459741,6.863322019459779
72797094240,2024,TMP,18268,24,1.6599300370786014e-13,2.2255094485259953e-13,50.86178816040276,933.481668498094,7.094962822881205e-13,8,ok,a2,4.2966066454802405,4.296606645480275
72797624217,2024,TMP,11740,24,1.6306427815527238e-13,2.2255094485259953e-13,51.66960186876457,928.0441318008764,2.605693689390115e-12,8,ok,b2,6.251959035131344,6.251959035131387
74206024207,2024,TMP,18173,24,1.5340572986986983e-13,2.2255094485259953e-13,61.99556804202932,830.4108612569172,4.263891579856673e-13,4,ok,b2,6.501100035397074,6.5011000353971085
74230024037,2024,TMP,10468,24,1.046329010373734e-13,2.2255094485259953e-13,51.9056330791381,898.265181051126,3.658551486863185e-13,8,ok,b2,14.261357288836255,14.261357288836205
74370014715,2024,TMP,16020,24,1.3104075105182222e-13,2.2255094485259953e-13,56.476976039613945,850.2761915519401,3.969938508981198e-13,5,ok,b2,12.711759189096455,12.711759189096439
74394514710,2024,TMP,10452,24,4.360488760142515e-13,2.2255094485259953e-13,49.694757428129456,917.6266555528143,1.8228287276145403e-13,8,ok,b2,12.463564945976385,12.46356494597638
74486094789,2024,TMP,12663,24,3.1984007918993907e-13,2.2255094485259953e-13,49.54544607708559,927.6996223122478,4.730717139042704e-13,8,ok,b2,11.097034625158953,11.097034625158976
74516023202,2024,TMP,11471,24,1.7303300273596406e-13,2.2255094485259953e-13,55.97913085561086,849.9150737954493,3.849783075755872e-13,5,ok,a2,7.576755047675247,7.57675504767527
74570013840,2024,TMP,11930,24,1.974814412724061e-13,2.2255094485259953e-13,49.83476821858625,884.3940969325196,5.279987853613227e-13,6,ok,b2,11.199955190423582,11.199955190423625
74594013705,2024,TMP,12409,24,1.8944844120999463e-13,2.2255094485259953e-13,52.17671381592528,907.6975343318442,3.0097202348042583e-13,6,ok,a2,10.75130963382777,10.751309633827784
74598013702,2024,TMP,12205,24,4.196895815808376e-13,2.2255094485259953e-13,53.022237885458196,922.742418951021,2.3919846842976474e-13,5,ok,b2,9.615229586211676,9.615229586211708
74671013806,2024,TMP,12693,24,5.529829861491446e-13,2.2255094485259953e-13,51.40504942082929,886.3662674207926,3.0227062453970654e-13,6,ok,b1,9.526391894420474,9.526391894420474
74671693808,2024,TMP,11851,24,3.767139562431809e-13,2.2255094485259953e-13,50.345093270301156,913.6961368678411,2.102641144956973e-13,8,ok,b1,10.058700600128773,10.05870060012879
74693093737,2024,TMP,17565,24,7.287707092224965e-13,2.2255094485259953e-13,54.48949983658952,896.0837783848173,1.3677406680131013e-13,6,ok,b2,8.69170939270236,8.691709392702395
74718503144,2024,TMP,7339,24,7.417727316399776e-14,2.2255094485259953e-13,11824.43874198965,851.7339579402465,1.3203808599073114e-13,6,ok,a2,11.811389855380042,11.811389855380064
74718703104,2024,TMP,8475,24,1.3978107400229932e-13,2.2255094485259953e-13,54.218144851783364,950.1603934173181,1.28913336119985e-13,6,ok,a2,11.801926739869929,11.801926739869927
74718823158,2024,TMP,8849,24,7.878514396338709e-14,2.2255094485259953e-13,49.09783516469558,931.0859206296142,2.258552600145407e-13,8,ok,v,13.061132294011708,13.061132294011667
74740013973,2024,TMP,13427,24,5.1850964791598e-13,2.2255094485259953e-13,51.659229509102616,929.7707979344328,1.1919420526615716e-13,8,ok,b2,9.27543082640094,9.275430826400923
74775013846,2024,TMP,10795,24,6.425435514442925e-13,2.2255094485259953e-13,54.57366647678976,894.7649223241017,3.187197368395833e-13,6,ok,b2,7.678506235398236,7.67850623539824
74777003852,2024,TMP,12076,24,7.342622381182669e-14,2.2255094485259953e-13,54.05171027073502,903.7086392232156,2.313148784742616e-13,6,ok,b2,7.653797971031342,7.65379797103135
74780413824,2024,TMP,11875,24,7.301404907953741e-13,2.2255094485259953e-13,52.70962462286826,937.3684683283964,1.0189740139344575e-13,6,ok,b2,7.661181119396724,7.661181119396788
74781013857,2024,TMP,9958,24,5.846998907947955e-14,2.2255094485259953e-13,951.8785155578802,958.193822222046,6.243278980024821e-14,3,ok,a2,7.408007656000313,7.408007656000325
74790013849,2024,TMP,11842,24,8.074284732396966e-13,2.2255094485259953e-13,53.50486408955403,911.077178427336,2.2444740914063355e-13,6,ok,b2,8.438304151990724,8.438304151990751
91165022536,2024,TMP,14603,24,8.091022336482859e-14,2.2255094485259953e-13,51.56709383651353,948.8067450634379,8.277203957986422e-13,8,ok,a2,2.433851119490958,2.433851119490973
91176022519,2024,TMP,10813,24,8.037658377003312e-14,2.2255094485259953e-13,318.1301055451159,1086.6154758590637,2.8412269668096495e-13,5,ok,b2,2.1913402929481576,2.1913402929482015
91182022521,2024,TMP,11875,24,6.691559742876844e-14,2.2255094485259953e-13,49.635618893743924,926.7048320606572,3.956282306369317e-12,8,ok,b2,1.8204898032869212,1.8204898032869432
91186022534,2024,TMP,9913,24,2.0095835917392213e-13,2.2255094485259953e-13,69.71553170037421,957.1790920576234,5.119498701204016e-13,8,ok,b2,1.5533077609930932,1.5533077609931256
91190022516,2024,TMP,12050,24,4.1314863217262547e-14,2.2255094485259953e-13,50.18020794917623,925.7850310087632,2.317244852372835e-12,8,ok,b2,1.9936718740560422,1.9936718740560415
91212041415,2024,TMP,13973,24,1.6438307160648945e-13,2.2255094485259953e-13,51.65008225991763,923.298419299911,2.721613247755142e-13,4,ok,b2,0.7538349186342826,0.7538349186342852
91218041414,2024,TMP,18697,24,6.465279339066115e-14,2.2255094485259953e-13,50.27040600833427,902.1818388548029,8.400494660682932e-14,5,ok,b2,0.7306539350355533,0.7306539350355429
91285021504,2024,TMP,15876,24,1.1676440211248652e-13,2.2255094485259953e-13,53.308695090264536,969.1912211754351,2.47363517161897e-12,8,ok,a2,1.8012134392228027,1.8012134392227828
91334040505,2024,TMP,9968,24,6.568821895874856e-14,2.2255094485259953e-13,53.218296389154084,920.6305158198775,7.982011058056858e-13,8,ok,b1,0.0751420773530395,0.07514207735305446
91366040604,2024,TMP,24284,24,6.959036702960219e-14,2.2255094485259953e-13,52.01052483509339,931.7111513117636,1.3625733617872892e-12,5,ok,a2,0.3101731128861703,0.31017311288616445
91413040308,2024,TMP,10080,24,1.3799304918834495e-13,2.2255094485259953e-13,52.780989396968906,924.2070011133897,1.0985791397519035e-13,7,ok,b2,0.41038306254177,0.4103830625417903
91765061705,2024,TMP,10022,24,7.697447288487018e-14,2.2255094485259953e-13,52.21546502456775,921.0856291618849,4.0212194475739503e-13,8,ok,a2,0.8342570746249935,0.8342570746249862
