station,year,field,n,order,score,coverage,gram_cond,day_score,n_days_checked,gate,worst_param,amp_image,amp_raw
01001099999,2024,TMP,6039,24,3.5328048194230136e-13,2.2255094485259953e-13,107.17163963137371,7.930351568732773e-14,1,ok,c,5.29159012671282,5.291590126712851
01001499999,2024,TMP,6685,24,3.3528837235146194e-12,2.2255094485259953e-13,90.71125796615318,,0,ok,b2,6.764597739257508,6.764597739257563
01002099999,2024,TMP,1356,24,2.7601270863192743e-14,2.2255094485259953e-13,51.215852300320904,,0,ok,b2,9.424362899432117,9.424362899432094
01003099999,2024,TMP,3707,24,2.991680202681458e-14,2.2255094485259953e-13,58.499317454217795,,0,ok,b2,8.036498507446684,8.036498507446666
01006099999,2024,TMP,1422,24,3.215211909656882e-14,2.2255094485259953e-13,53.68488840462259,,0,ok,v,8.548264406650354,8.54826440665035
01007099999,2024,TMP,2834,24,4.1530352089813727e-14,2.2255094485259953e-13,52.37507568213006,,0,ok,v,9.175763646261482,9.175763646261482
01008099999,2024,TMP,19003,24,9.961395073109903e-14,2.2255094485259953e-13,52.17377023591077,4.172916305496731e-13,7,ok,v,10.117035760062167,10.117035760062148
01009099999,2024,TMP,1418,24,4.1189809871497285e-13,2.2255094485259953e-13,51.49090098958744,,0,ok,a2,8.077841392924512,8.077841392924554
01010099999,2024,TMP,19900,24,1.453731668933447e-13,2.2255094485259953e-13,52.252510496365254,4.631755867253421e-13,7,ok,b2,7.4599759684373845,7.459975968437441
01011099999,2024,TMP,1393,24,6.93638033111657e-14,2.2255094485259953e-13,52.29644919976273,,0,ok,b2,9.10909247622251,9.109092476222573
01015099999,2024,TMP,7529,24,1.3530788628589783e-13,2.2255094485259953e-13,472.1264919382963,4.894128547346012e-13,1,ok,b2,8.087141282320843,8.087141282320916
01016099999,2024,TMP,1424,24,4.828807819883877e-14,2.2255094485259953e-13,52.126141110928145,,0,ok,v,8.402550601618444,8.402550601618444
01017099999,2024,TMP,1439,24,4.783868465211052e-13,2.2255094485259953e-13,50.70246861157513,,0,ok,v,9.208697166774233,9.20869716677423
01020099999,2024,TMP,1311,24,2.063150414248839e-14,2.2255094485259953e-13,58.23997803719441,,0,ok,b2,7.1851706883109365,7.185170688310954
01023099999,2024,TMP,25089,24,5.946616770852347e-13,2.2255094485259953e-13,52.20871175179686,9.22038036782153e-13,7,ok,c,12.374201540814859,12.374201540814886
01023199999,2024,TMP,11970,24,1.6086469568085182e-07,2.2255094485259953e-13,8114555715282269.0,1.1861227699464555e-12,4,ILL-CONDITIONED,b2,5.083612534171193,5.083612565048543
01025099999,2024,TMP,24978,24,1.2938943883850901e-13,2.2255094485259953e-13,52.04907239436141,3.824435989469139e-13,7,ok,b2,8.698618594268012,8.698618594268062
01026099999,2024,TMP,8393,24,1.104775750635033e-13,2.2255094485259953e-13,52.207565628377,7.421841945637648e-14,1,ok,b2,8.895500040608415,8.895500040608457
01027099999,2024,TMP,4913,24,1.150000569733883e-13,2.2255094485259953e-13,74.95653075841105,,0,ok,b2,8.755447042873554,8.755447042873618
01028099999,2024,TMP,3084,24,2.1313032547481943e-13,2.2255094485259953e-13,53.04452371698722,,0,ok,c,6.866841844403031,6.866841844403
01030099999,2024,TMP,5456,24,1.8020043532262759e-12,2.2255094485259953e-13,2106433.401620649,2.3990247380177267e-13,1,ok,b2,9.929066719405666,9.92906671940431
01033099999,2024,TMP,8374,24,7.479938712646671e-14,2.2255094485259953e-13,52.114727850196154,5.4696894222507925e-14,1,ok,b2,7.087237914386896,7.087237914386952
01035099999,2024,TMP,1547,24,4.596649825978146e-13,2.2255094485259953e-13,52.24034988409228,,0,ok,c,9.813633693024642,9.813633693024688
01037099999,2024,TMP,8375,24,2.492618997000515e-13,2.2255094485259953e-13,52.14205363494371,1.7047139571460212e-13,1,ok,c,10.512684480080946,10.51268448008099
01042099999,2024,TMP,1250,24,8.168493044769093e-09,2.2255094485259953e-13,15429967036156.125,,0,ok,b1,6.992986305685111,6.992986309057426
01043099999,2024,TMP,1406,24,6.161502308794258e-14,2.2255094485259953e-13,52.48169529675938,,0,ok,b2,8.866424943448548,8.86642494344859
01044099999,2024,TMP,16515,24,4.9125168926143037e-14,2.2255094485259953e-13,53.425241332420285,7.301014748198578e-13,6,ok,b2,8.42109714182903,8.421097141829057
01045099999,2024,TMP,8396,24,8.965223303569382e-14,2.2255094485259953e-13,52.228374663392984,1.041697093408945e-13,1,ok,c,9.393681312927912,9.39368131292795
01046099999,2024,TMP,23850,24,2.2511493740837e-13,2.2255094485259953e-13,52.096533000935146,5.526049913770158e-13,6,ok,c,10.029893702984374,10.02989370298442
01047099999,2024,TMP,2032,24,7.564663104847629e-14,2.2255094485259953e-13,57.44765026705358,,0,ok,b1,14.511931976014917,14.511931976014921
01049099999,2024,TMP,19539,24,4.3785478148393563e-13,2.2255094485259953e-13,51.936865894076384,5.631261443277636e-13,7,ok,c,11.457970663781563,11.457970663781582
01052099999,2024,TMP,25028,24,4.5272865927230056e-14,2.2255094485259953e-13,52.35319965943443,3.3219754542356443e-13,7,ok,v,9.41820374813278,9.418203748132814
01055099999,2024,TMP,2240,24,1.3075419777476926e-11,2.2255094485259953e-13,95751.6422685149,,0,ok,a2,7.162605355077626,7.162605355077178
01057099999,2024,TMP,848,24,6.481585552756727e-14,2.2255094485259953e-13,157.52154875950316,,0,ok,b1,14.533373434317488,14.53337343431748
01058099999,2024,TMP,8362,24,4.512281976785637e-14,2.2255094485259953e-13,52.10270495992495,5.97915987720746e-15,1,ok,v,13.169442447925894,13.169442447925897
01059099999,2024,TMP,25003,24,1.5143458890357923e-13,2.2255094485259953e-13,52.241956604016146,6.329324545304621e-13,6,ok,c,11.410862669129344,11.410862669129358
01062099999,2024,TMP,5458,24,5.2803397900342647e-14,2.2255094485259953e-13,54.969401999173535,,0,ok,b2,7.20309598166092,7.203095981660861
01065099999,2024,TMP,8045,24,1.935156970458331e-13,2.2255094485259953e-13,67.70474316040011,4.436625681765332e-14,1,ok,a2,14.567469928388666,14.567469928388663
01068099999,2024,TMP,16813,24,2.5628094033324242e-15,2.2255094485259953e-13,69.86418557533744,6.298067854857204e-13,7,ok,c,8.118957277654777,8.118957277654788
01074099999,2024,TMP,16485,24,2.5783856394053808e-14,2.2255094485259953e-13,54.09639298543993,1.6008699742175655e-13,5,ok,c,9.102190998326634,9.10219099832661
01076099999,2024,TMP,8374,24,1.0365306648204332e-13,2.2255094485259953e-13,52.11804147284984,3.4310201664979623e-13,1,ok,a2,11.7382296445139,11.738229644513897
01078099999,2024,TMP,2991,24,1.0242854560228205e-13,2.2255094485259953e-13,52.85809983023651,,0,ok,a2,8.004333032347994,8.004333032347967
01082099999,2024,TMP,7403,24,1.976840768426519e-13,2.2255094485259953e-13,54.92550125873803,3.381209078358189e-14,1,ok,a2,13.92278271931254,13.922782719312524
01083099999,2024,TMP,16839,24,3.850707298701693e-14,2.2255094485259953e-13,52.33316995801207,3.951460029415528e-13,6,ok,c,8.644907383166114,8.644907383166077
01084099999,2024,TMP,5891,24,1.408452956162067e-13,2.2255094485259953e-13,54.68888214744282,,0,ok,a2,13.067468880482064,13.067468880482068
01086099999,2024,TMP,16847,24,1.183732729510411e-13,2.2255094485259953e-13,53.07063388059433,4.047624427076148e-13,7,ok,c,9.956438678377689,9.956438678377685
01087699999,2024,TMP,16355,24,1.229704511727017e-13,2.2255094485259953e-13,52.001638068722876,1.3591227640754208e-12,5,ok,b2,4.879915365734551,4.8799153657345915
01087799999,2024,TMP,16598,24,4.975750581190381e-13,2.2255094485259953e-13,52.032081847433105,2.480986430790065e-12,7,ok,b2,4.726793683201996,4.726793683202038
01087899999,2024,TMP,16521,24,2.294685464489024e-13,2.2255094485259953e-13,51.743257501751934,1.1542723943866298e-12,7,ok,b2,3.8905818637252763,3.890581863725316
01087999999,2024,TMP,16638,24,2.634587213487834e-13,2.2255094485259953e-13,52.07000385159071,6.701049971324075e-13,7,ok,b2,3.9262683867920987,3.9262683867921306
01088099999,2024,TMP,16989,24,2.5256995887664805e-13,2.2255094485259953e-13,52.710988062656504,8.459478869922106e-13,7,ok,c,9.312626488833768,9.312626488833763
01088299999,2024,TMP,16394,24,2.348971293197569e-12,2.2255094485259953e-13,58.18137632158711,2.27110757629679e-13,6,ok,b2,10.797402152547905,10.797402152547933
01088699999,2024,TMP,16649,24,1.838686855572922e-13,2.2255094485259953e-13,52.007160238628686,1.2915896373230037e-12,7,ok,b2,3.8650310861890826,3.8650310861891306
01088799999,2024,TMP,16571,24,4.189827133695425e-13,2.2255094485259953e-13,51.91533446446916,7.739069684367635e-13,7,ok,b2,4.588950839714148,4.588950839714176
01089099999,2024,TMP,24976,24,1.6572302847220753e-13,2.2255094485259953e-13,52.0371629782489,2.4489033794696614e-13,5,ok,a2,11.730838598240984,11.730838598240977
01092099999,2024,TMP,7979,24,3.404196519069506e-14,2.2255094485259953e-13,64.03777134261766,5.487901588925539e-14,1,ok,c,8.392138638910096,8.392138638910073
01098099999,2024,TMP,3198,24,8.140820467470453e-13,2.2255094485259953e-13,5675.135923407461,,0,ok,c,7.033950575963074,7.033950575963147
01099099999,2024,TMP,17099,24,5.758861489007649e-14,2.2255094485259953e-13,52.81281762551359,1.7856410795174327e-12,6,ok,a2,8.216801268004119,8.216801268004106
01102099999,2024,TMP,2816,24,2.5187710669121667e-13,2.2255094485259953e-13,52.11680260396364,,0,ok,v,6.19478470781597,6.194784707816017
01102599999,2024,TMP,15898,24,1.3144370899037118e-13,2.2255094485259953e-13,51.97511010906667,1.0637699330617172e-12,6,ok,b2,4.8316394280199955,4.831639428020021
01105099999,2024,TMP,1691,24,1.0732261833469202e-13,2.2255094485259953e-13,52.72404874013025,,0,ok,b2,8.119720255032492,8.119720255032533
01107099999,2024,TMP,24655,24,9.104830098575571e-14,2.2255094485259953e-13,52.61943576677681,6.85950567053483e-13,7,ok,b2,6.097827422120987,6.097827422121016
01108099999,2024,TMP,8388,24,2.293573792029086e-13,2.2255094485259953e-13,52.170711810345026,8.277857807062042e-15,1,ok,b2,7.384253587536646,7.384253587536694
01112099999,2024,TMP,16718,24,2.1331548243719392e-13,2.2255094485259953e-13,55.24242062069853,1.8891436563288997e-12,6,ok,b2,7.794105744841421,7.794105744841449
01114099999,2024,TMP,8375,24,2.1958516533572777e-13,2.2255094485259953e-13,52.11900193861111,1.542413594699353e-13,1,ok,b2,8.264395146924286,8.264395146924326
01115099999,2024,TMP,2907,24,7.09306554887064e-14,2.2255094485259953e-13,87.44664774381042,,0,ok,b2,6.400690330213093,6.400690330213115
01116099999,2024,TMP,10675,24,2.595095867862358e-13,2.2255094485259953e-13,85.72016342906748,,0,ok,b2,8.167218610676315,8.167218610676379
01117099999,2024,TMP,5653,24,1.876515502505402e-13,2.2255094485259953e-13,61.85780321186095,,0,ok,b2,8.220571932975922,8.220571932975965
01121099999,2024,TMP,6920,24,1.0813125144458524e-13,2.2255094485259953e-13,81.01117526006205,1.1512727421335808e-13,1,ok,b2,7.265906115729613,7.265906115729625
01122099999,2024,TMP,24991,24,2.9123650561682054e-13,2.2255094485259953e-13,52.069308160328106,4.256274103043451e-12,7,ok,b2,9.822072413264932,9.822072413264967
01124099999,2024,TMP,1513,24,4.1389721793810975e-13,2.2255094485259953e-13,52.496315585679554,,0,ok,b2,9.475149989009166,9.475149989009198
01132099999,2024,TMP,8368,24,3.005005812469588e-13,2.2255094485259953e-13,52.14829137834681,3.8904886490703745e-14,1,ok,b2,10.299336377702284,10.299336377702337
01133099999,2024,TMP,1429,24,2.6397188451148673e-13,2.2255094485259953e-13,51.92483232546819,,0,ok,b2,10.200916173099184,10.20091617309922
01135099999,2024,TMP,7383,24,2.4837527587297453e-13,2.2255094485259953e-13,54.62085749637798,2.9706485035166104e-13,1,ok,b2,9.781040804103528,9.781040804103561
01139099999,2024,TMP,1466,24,1.3917327853532344e-13,2.2255094485259953e-13,176.20680729412356,,0,ok,b2,6.382031137554018,6.382031137554125
01141099999,2024,TMP,19092,24,1.3323382872231325e-13,2.2255094485259953e-13,54.422958414585736,2.1765803759609094e-13,1,ok,b2,8.003311338214012,8.00331133821405
01143099999,2024,TMP,7385,24,1.3778755248324687e-13,2.2255094485259953e-13,54.670009324350694,9.974096371654338e-14,1,ok,b2,8.882242032947687,8.882242032947726
01144099999,2024,TMP,8354,24,1.2870441442013343e-13,2.2255094485259953e-13,51.98246551668567,5.0154258462457623e-14,1,ok,b2,7.256821859373489,7.256821859373529
01146099999,2024,TMP,1556,24,2.0196583038684086e-13,2.2255094485259953e-13,63.816374109415754,,0,ok,b2,9.405052002470752,9.4050520024708
01147099999,2024,TMP,7378,24,5.931423366624439e-13,2.2255094485259953e-13,54.59572894261373,7.99767632473145e-14,1,ok,c,10.054658701499811,10.05465870149987
01148099999,2024,TMP,1390,24,3.778226020355251e-13,2.2255094485259953e-13,3599.3700448859763,,0,ok,b2,11.195083227410901,11.195083227410977
01150099999,2024,TMP,7381,24,3.410713650932773e-13,2.2255094485259953e-13,54.610807386581584,1.2651608156172906e-13,1,ok,c,10.55791302933539,10.557913029335436
01151099999,2024,TMP,17142,24,2.346391528403425e-13,2.2255094485259953e-13,52.93927179855082,7.02766354516706e-13,7,ok,b2,10.767381618442505,10.767381618442561
01152099999,2024,TMP,24466,24,1.6128347705161735e-13,2.2255094485259953e-13,51.548296598446235,4.748338618543612e-12,7,ok,b2,8.610709104209699,8.610709104209734
01156099999,2024,TMP,8375,24,9.326931835114795e-14,2.2255094485259953e-13,52.12660758717422,3.6307004516220426e-13,1,ok,b2,7.309981012686784,7.3099810126868245
01158099999,2024,TMP,1480,24,2.3147411399357686e-13,2.2255094485259953e-13,52.34258235724831,,0,ok,b2,9.508316194961498,9.50831619496154
01160099999,2024,TMP,3116,24,1.0153162633251231e-13,2.2255094485259953e-13,53.45861998816889,,0,ok,b2,7.7557991347849535,7.755799134784989
01161099999,2024,TMP,16724,24,9.898096713587114e-14,2.2255094485259953e-13,54.09216011777031,7.643289055249806e-13,6,ok,b2,7.937984673717867,7.937984673717905
01162099999,2024,TMP,17190,24,1.2849296593225995e-13,2.2255094485259953e-13,53.065630403245706,3.2944008360815903e-12,7,ok,b2,8.037486069621554,8.0374860696216
01169099999,2024,TMP,8373,24,1.8859784345633055e-13,2.2255094485259953e-13,52.104661018077614,1.0613301118360314e-13,1,ok,b2,10.735329421435079,10.73532942143511
01180099999,2024,TMP,8373,24,1.2750943107539383e-13,2.2255094485259953e-13,52.11807901295118,8.224830128096758e-13,1,ok,b2,8.74116518471188,8.741165184711933
01183099999,2024,TMP,16760,24,1.5986578874055743e-13,2.2255094485259953e-13,53.17792698829707,5.419131790454248e-13,7,ok,b2,9.734304855199612,9.734304855199655
01192099999,2024,TMP,7375,24,1.6971204727707212e-13,2.2255094485259953e-13,54.68589100590778,6.209960295467359e-14,1,ok,c,9.715230973433647,9.715230973433705
01198099999,2024,TMP,1415,24,8.398147415237824e-14,2.2255094485259953e-13,11916.849018742485,,0,ok,b1,12.808558295593313,12.808558295593272
01199099999,2024,TMP,7369,24,2.908983929740307e-14,2.2255094485259953e-13,57.57531219682898,,0,ok,b1,14.22872899928232,14.228728999282318
01203099999,2024,TMP,8374,24,6.884471354727714e-13,2.2255094485259953e-13,52.12379922619707,3.930873637606288e-14,1,ok,b2,5.384551733694167,5.384551733694206
01205099999,2024,TMP,2997,24,1.6214193422895447e-13,2.2255094485259953e-13,136.17225156343483,,0,ok,b2,4.926352499222211,4.926352499222262
01209099999,2024,TMP,17194,24,7.849998239173037e-13,2.2255094485259953e-13,52.985654531946786,2.5115985240942597e-12,7,ok,b2,7.161566998344876,7.161566998344891
01210099999,2024,TMP,25031,24,4.2577304620021126e-13,2.2255094485259953e-13,52.016238639642985,2.3796860909607243e-12,7,ok,b2,5.768949094692624,5.768949094692657
01212099999,2024,TMP,3183,24,2.5000659614111714e-13,2.2255094485259953e-13,56.36332958621751,,0,ok,b2,5.26115877704583,5.261158777045866
01214099999,2024,TMP,1403,24,3.815602127056314e-13,2.2255094485259953e-13,52.14334374463072,,0,ok,b2,5.882925231999042,5.882925231999082
01217099999,2024,TMP,17022,24,5.143125843020109e-13,2.2255094485259953e-13,53.03238232868881,7.321993087482847e-13,7,ok,b2,7.404602728459128,7.404602728459157
01218099999,2024,TMP,4877,24,2.805412602499547e-12,2.2255094485259953e-13,56.387374361308716,,0,ok,b1,7.401520138086034,7.401520138086024
01220099999,2024,TMP,316,24,8.257353243429137e-06,2.2255094485259953e-13,3.700164672724367e+16,,0,ILL-CONDITIONED,b1,13.65350346154486,13.653512134562956
01221099999,2024,TMP,1362,24,7.84453018948356e-13,2.2255094485259953e-13,2683.6714470168936,,0,ok,b2,8.469675122994897,8.469675122994975
01223099999,2024,TMP,17190,24,4.736396511878571e-13,2.2255094485259953e-13,53.00549187569359,9.995835125701832e-13,7,ok,b2,6.44130972485039,6.441309724850419
01224099999,2024,TMP,1561,24,2.668220770626338e-12,2.2255094485259953e-13,53.77920866136648,,0,ok,b2,6.25056305302859,6.2505630530286345
01225099999,2024,TMP,7381,24,2.635832690444251e-13,2.2255094485259953e-13,54.66746273743034,2.0317120302795604e-13,1,ok,b2,5.519292448500877,5.519292448500933
01227099999,2024,TMP,7378,24,4.405669096628223e-13,2.2255094485259953e-13,54.60110410719855,1.2398446072014185e-13,1,ok,b2,7.730091822007989,7.730091822008025
01228099999,2024,TMP,8366,24,2.932899905742344e-13,2.2255094485259953e-13,52.102212385460774,4.070233984639678e-12,1,ok,b2,5.750553016085776,5.750553016085815
01230099999,2024,TMP,7375,24,5.121989001898623e-13,2.2255094485259953e-13,54.636621689354854,2.933009647076727e-13,1,ok,b1,10.289723141578868,10.289723141578852
01232099999,2024,TMP,7199,24,3.090129839621897e-13,2.2255094485259953e-13,57.67634180820815,1.5918422181793342e-13,1,ok,b1,8.455596968891838,8.45559696889182
01233099999,2024,TMP,8365,24,6.107763035330043e-13,2.2255094485259953e-13,52.134056235515395,1.9311252806861484e-13,1,ok,c,10.022773198927004,10.022773198927032
01234099999,2024,TMP,7372,24,3.040037353017697e-13,2.2255094485259953e-13,54.59320090340186,4.931996618193712e-13,1,ok,b2,8.644974302465714,8.644974302465739
01237099999,2024,TMP,8376,24,3.016455655330236e-13,2.2255094485259953e-13,52.124524109439946,5.233593544424211e-13,1,ok,b2,6.685224871714618,6.685224871714646
01238099999,2024,TMP,8218,24,1.0412836305288949e-12,2.2255094485259953e-13,51.704526294540635,2.8025620896817213e-12,1,ok,c,9.149824739715857,9.149824739715891
01239099999,2024,TMP,1457,24,1.009502564419259e-12,2.2255094485259953e-13,51.98828471574673,,0,ok,b2,9.119429980429286,9.119429980429334
01240099999,2024,TMP,7351,24,1.0791016953610238e-13,2.2255094485259953e-13,302.46765201566353,1.1459076920503457e-13,1,ok,b2,5.5989850626634885,5.598985062663509
01241099999,2024,TMP,19313,24,3.881794929616252e-13,2.2255094485259953e-13,52.046219773702745,3.8203874153802457e-13,6,ok,b2,7.163745602358016,7.163745602358053
01242099999,2024,TMP,6120,24,3.9847109657340355e-13,2.2255094485259953e-13,207.57096552328244,1.1017900068683561e-14,1,ok,b1,7.96078552544746,7.960785525447472
01245099999,2024,TMP,8374,24,4.2813765647604436e-13,2.2255094485259953e-13,52.110733174851816,2.2318252135403578e-13,1,ok,b2,8.70575107241228,8.705751072412294
01250099999,2024,TMP,2475,24,1.9276033661590028e-13,2.2255094485259953e-13,977.139301159475,,0,ok,b2,11.354686129884485,11.354686129884316
01253099999,2024,TMP,7198,24,5.702209969594408e-13,2.2255094485259953e-13,69.38768639442122,3.3738144045523233e-13,1,ok,b2,9.308315100906947,9.308315100906976
01254099999,2024,TMP,7369,24,3.4243937505239773e-13,2.2255094485259953e-13,54.59512600165576,1.9382317234439545e-13,1,ok,b1,9.856715478935856,9.85671547893587
01257099999,2024,TMP,7371,24,4.811556290890147e-13,2.2255094485259953e-13,54.582698569580856,1.0633561525911787e-13,1,ok,b2,8.508829111002319,8.508829111002347
01259099999,2024,TMP,8378,24,3.165222473316177e-13,2.2255094485259953e-13,52.129400865174546,9.773802592242725e-14,1,ok,b2,6.655440255586883,6.655440255586941
01262099999,2024,TMP,8258,24,2.382440830436682e-13,2.2255094485259953e-13,52.4637430049179,4.016882879570418e-14,1,ok,b2,6.362638220547743,6.362638220547797
01265099999,2024,TMP,8366,24,2.2967939519518573e-12,2.2255094485259953e-13,52.23090943331926,8.688186010518974e-14,1,ok,b1,11.877613588325136,11.87761358832513
01270099999,2024,TMP,2296,24,1.1404460191640228e-13,2.2255094485259953e-13,2143.4145705804212,,0,ok,b2,9.449415781361793,9.449415781361663
01271099999,2024,TMP,19834,24,3.56469608651482e-13,2.2255094485259953e-13,52.49948253890228,7.10696166272549e-13,7,ok,b2,8.789277149204278,8.78927714920429
01272099999,2024,TMP,4823,24,6.518811841348148e-13,2.2255094485259953e-13,81.19521347638096,,0,ok,b2,8.605294365122107,8.605294365122138
01273099999,2024,TMP,8371,24,3.3397843714110677e-13,2.2255094485259953e-13,52.113778915439745,1.385774891022923e-14,1,ok,b2,9.150859495699065,9.150859495699061
01277099999,2024,TMP,7380,24,3.159995238840766e-13,2.2255094485259953e-13,54.607099618460545,7.523897503423451e-14,1,ok,b2,9.454153900665194,9.45415390066523
01281099999,2024,TMP,2812,24,2.41704080470486e-13,2.2255094485259953e-13,52.75221110386281,,0,ok,b2,10.299789206789107,10.299789206789164
01282099999,2024,TMP,17063,24,2.8081325435350054e-13,2.2255094485259953e-13,54.07805797212279,7.961815459985694e-13,6,ok,b2,7.640403364955995,7.640403364956041
01287099999,2024,TMP,1435,24,7.480038157462199e-13,2.2255094485259953e-13,52.4237075622767,,0,ok,b2,9.976277734503173,9.976277734503213
01288099999,2024,TMP,2928,24,3.80167796549302e-12,2.2255094485259953e-13,55.05741466849432,,0,ok,b2,10.695786232405508,10.69578623240554
01290099999,2024,TMP,17086,24,3.206244518261667e-13,2.2255094485259953e-13,52.7850157572992,3.599154115124446e-13,7,ok,b2,9.01903215520484,9.019032155204844
01291099999,2024,TMP,7312,24,2.370916358035743e-13,2.2255094485259953e-13,54.488378912173715,4.221368411664174e-14,1,ok,b2,9.91124496341245,9.911244963412475
01293099999,2024,TMP,8349,24,3.6052608699773077e-13,2.2255094485259953e-13,51.949075223557884,2.386027261421969e-14,1,ok,b2,9.432081883828427,9.432081883828426
01300099999,2024,TMP,8305,24,2.9418772641868087e-13,2.2255094485259953e-13,52.41095710101051,5.788947392439014e-14,1,ok,b2,3.9171267835122805,3.91712678351231
01300599999,2024,TMP,15434,24,1.8645969429619774e-13,2.2255094485259953e-13,823.9483811674445,1.2641796671149858e-12,6,ok,b1,3.7496967670513706,3.7496967670513843
01304099999,2024,TMP,8365,24,3.3948837001001783e-13,2.2255094485259953e-13,52.13490586434553,5.4676167935014266e-14,1,ok,b2,5.287250951652127,5.287250951652163
01307099999,2024,TMP,8303,24,5.25837246807078e-13,2.2255094485259953e-13,52.08362727175018,4.422036130408781e-14,1,ok,b2,5.537275948804355,5.5372759488044
01308099999,2024,TMP,2305,24,1.0525035381950777e-13,2.2255094485259953e-13,1622.100974304403,,0,ok,b2,6.286981094521136,6.286981094520921
01310099999,2024,TMP,17152,24,8.402354264581095e-13,2.2255094485259953e-13,52.83193498372003,3.947736186644719e-13,7,ok,b2,6.010665417087688,6.010665417087727
01311099999,2024,TMP,24966,24,9.785426951519469e-13,2.2255094485259953e-13,52.084663749720924,1.3725956958981949e-12,7,ok,b2,6.4163908240613745,6.41639082406139
01314099999,2024,TMP,7376,24,7.225381262525426e-13,2.2255094485259953e-13,54.57650531495884,1.164122465954567e-13,1,ok,b1,6.895919881998047,6.895919881998034
01315099999,2024,TMP,1599,24,7.628782823512249e-13,2.2255094485259953e-13,56.184301713451305,,0,ok,b2,9.077261847674631,9.0772618476746
01317099999,2024,TMP,3029,24,2.698120211698113e-12,2.2255094485259953e-13,53.370738415401405,,0,ok,b2,6.732976951103826,6.732976951103838
01319099999,2024,TMP,1567,24,1.8558955087207007e-12,2.2255094485259953e-13,52.32398766558344,,0,ok,b2,6.53656336218758,6.536563362187592
01320099999,2024,TMP,17088,24,7.850002259594146e-13,2.2255094485259953e-13,52.8207790641741,1.7904601254798168e-12,7,ok,b2,7.193119072599434,7.193119072599443
01321099999,2024,TMP,8374,24,7.160049969717914e-13,2.2255094485259953e-13,52.09484951228783,1.418077120197631e-13,1,ok,b1,7.816657203664895,7.816657203664875
01323099999,2024,TMP,16839,24,6.681549108760522e-13,2.2255094485259953e-13,53.910333025213035,2.281279141127138e-12,6,ok,b2,7.245778155205362,7.245778155205372
01326099999,2024,TMP,1632,24,5.827022124372448e-13,2.2255094485259953e-13,60.72444854334727,,0,ok,b1,8.079723411918085,8.07972341191808
01327099999,2024,TMP,8373,24,4.959923785678522e-13,2.2255094485259953e-13,52.11882703138375,1.2673836417758863e-13,1,ok,b2,7.334003149779581,7.33400314977958
01329099999,2024,TMP,8386,24,6.104060384356229e-13,2.2255094485259953e-13,52.19104730712046,1.2935159038610279e-13,1,ok,b2,7.130829213355487,7.1308292133554945
01332099999,2024,TMP,7384,24,2.870993369774465e-13,2.2255094485259953e-13,54.48883802663001,1.4490696465832172e-13,1,ok,b1,8.886997329656502,8.886997329656495
01336099999,2024,TMP,1816,24,5.590823178060212e-13,2.2255094485259953e-13,56.445609226007655,,0,ok,b2,8.184113833036763,8.184113833036745
01337099999,2024,TMP,8384,24,4.875936278085024e-13,2.2255094485259953e-13,52.145662393680155,1.875157860943223e-13,1,ok,c,9.67969555254424,9.679695552544185
01338099999,2024,TMP,2923,24,6.38145818333039e-13,2.2255094485259953e-13,52.54199133125714,,0,ok,b2,7.716724374044889,7.716724374044878
01340099999,2024,TMP,8371,24,4.803121362755841e-12,2.2255094485259953e-13,52.10512843500642,8.59430023289136e-14,1,ok,c,8.13692466711478,8.136924667114792
01342099999,2024,TMP,7367,24,1.2401540448253625e-12,2.2255094485259953e-13,53.86805856326963,1.6168249325796635e-13,1,ok,b1,7.749940711638772,7.7499407116387795
01344099999,2024,TMP,8375,24,1.8006490219064647e-12,2.2255094485259953e-13,52.113490146415785,8.721450805569483e-14,1,ok,b1,8.052781552255995,8.052781552255981
01345099999,2024,TMP,4745,24,6.924021044524332e-12,2.2255094485259953e-13,8745192.972730849,1.4028480545234296e-12,1,ok,b1,7.844169659391263,7.844169659387899
01346099999,2024,TMP,5333,24,6.765475594267764e-13,2.2255094485259953e-13,139.70162101947363,,0,ok,a2,6.442654628957463,6.4426546289575395
01347099999,2024,TMP,17021,24,1.7231488192313443e-12,2.2255094485259953e-13,54.560650228703246,2.5938182834338345e-13,6,ok,b1,8.499829759770904,8.499829759770902
01350099999,2024,TMP,8278,24,2.6266786084126463e-13,2.2255094485259953e-13,51.59331847422325,7.826009762414296e-14,1,ok,b2,7.854472270231363,7.854472270231404
01352099999,2024,TMP,1772,24,2.29894655994015e-13,2.2255094485259953e-13,54.49171548898945,,0,ok,b1,9.136373526876278,9.136373526876287
01355099999,2024,TMP,8197,24,1.7963179422517499e-13,2.2255094485259953e-13,55.083049602669135,1.3676184499461437e-13,1,ok,b2,8.935242824045885,8.935242824045844
01357099999,2024,TMP,7379,24,1.3416453495780458e-12,2.2255094485259953e-13,54.706084139931605,1.8930184980930994e-14,1,ok,b2,9.071250284885386,9.071250284885446
01358099999,2024,TMP,575,24,8.921243159518917e-08,2.2255094485259953e-13,62019135330963.0,,0,ILL-CONDITIONED,a2,11.544865240475524,11.544865197945919
01359099999,2024,TMP,2797,24,3.947220940616401e-13,2.2255094485259953e-13,52.76602153627102,,0,ok,b2,9.136931215611826,9.136931215611838
01360099999,2024,TMP,1602,24,4.222342495748159e-12,2.2255094485259953e-13,59.60514896478771,,0,ok,c,9.331586544642832,9.331586544642843
01361099999,2024,TMP,8370,24,4.187561812035797e-13,2.2255094485259953e-13,52.10910905020618,1.5590041332977783e-13,1,ok,b1,9.547845451641795,9.547845451641818
01362099999,2024,TMP,630,24,6.016307583800306e-11,2.2255094485259953e-13,61347397.23003876,,0,ok,a2,8.03597153877351,8.035971538758309
01364099999,2024,TMP,8327,24,4.864005445049503e-13,2.2255094485259953e-13,51.95992249804196,6.373257365795081e-14,1,ok,b1,9.322332288306571,9.322332288306564
01365099999,2024,TMP,1589,24,1.7695539009524146e-12,2.2255094485259953e-13,54.25318090981262,,0,ok,b2,9.175910023035856,9.175910023035888
01366099999,2024,TMP,7302,24,3.1434859586186795e-13,2.2255094485259953e-13,54.84904730598356,9.215209924611417e-14,1,ok,b2,7.8618655199094905,7.861865519909547
01367099999,2024,TMP,3107,24,1.836842963177128e-12,2.2255094485259953e-13,56.53613479384854,,0,ok,b1,11.634527325847944,11.63452732584793
01368099999,2024,TMP,110,24,3.0949376061438686e-06,2.2255094485259953e-13,4.585850499861113e+18,,0,ILL-CONDITIONED,b2,34764.73305063165,34764.83849310621
01370099999,2024,TMP,7087,24,2.3186970750993975e-12,2.2255094485259953e-13,67.30879782312822,2.664461086524864e-13,1,ok,c,9.535898001305933,9.535898001305966
01371099999,2024,TMP,7424,24,1.3315224015787662e-12,2.2255094485259953e-13,54.59478501572297,1.5941913897407616e-13,1,ok,c,10.819430072546078,10.819430072546114
01373099999,2024,TMP,8371,24,2.0706477433787566e-12,2.2255094485259953e-13,52.15197621929118,1.2810586956230185e-13,1,ok,b1,12.004361101677354,12.004361101677361
01374099999,2024,TMP,702,24,1.3868071023826035e-11,2.2255094485259953e-13,113709465.99832448,,0,ok,c,10.017342353943533,10.017342353944992
01375099999,2024,TMP,8373,24,4.2006367641636455e-12,2.2255094485259953e-13,52.142740726985686,1.1600454912359312e-14,1,ok,c,9.040522385482934,9.040522385482987
01375599999,2024,TMP,15788,24,2.85181758367152e-13,2.2255094485259953e-13,52.783727298552655,1.2348766230171321e-12,7,ok,b2,3.9034304896476932,3.903430489647723
01376099999,2024,TMP,7362,24,6.619458017827172e-13,2.2255094485259953e-13,54.58032431517184,,0,ok,b1,11.217142838067009,11.217142838067035
01378099999,2024,TMP,8364,24,1.3783629973499465e-12,2.2255094485259953e-13,52.17349442186408,7.381159690641179e-14,1,ok,b2,11.099322508074799,11.099322508074808
01380099999,2024,TMP,8380,24,1.4048251594155917e-12,2.2255094485259953e-13,52.14988803025737,4.4996340574755056e-14,1,ok,b2,10.102671420113078,10.1026714201131
01381099999,2024,TMP,2325,24,2.1362029043158475e-13,2.2255094485259953e-13,1593.5445031582499,,0,ok,c,10.72495709101142,10.724957091011323
01382099999,2024,TMP,7428,24,6.54898326641317e-13,2.2255094485259953e-13,54.586481037470705,6.777019852198138e-13,1,ok,b2,11.1727296251259,11.172729625125907
01383099999,2024,TMP,7377,24,8.927877736942047e-13,2.2255094485259953e-13,54.611247218804806,1.1372525992689488e-12,1,ok,b1,12.04458313085432,12.044583130854315
01384099999,2024,TMP,24405,24,1.961197904990327e-12,2.2255094485259953e-13,51.70419945544242,3.842901726318774e-12,7,ok,b1,10.662112200477603,10.662112200477594
01385099999,2024,TMP,8377,24,6.002463250459496e-13,2.2255094485259953e-13,52.157493636900504,2.491657673837318e-13,1,ok,b2,11.027509308421147,11.027509308421154
01386099999,2024,TMP,7361,24,8.068476110509961e-13,2.2255094485259953e-13,54.52463408700861,8.950872316940452e-14,1,ok,b1,11.968100941509409,11.968100941509414
01387099999,2024,TMP,2860,24,6.9211891841276e-13,2.2255094485259953e-13,423.9203818343754,,0,ok,c,12.020086256505747,12.020086256505687
01389099999,2024,TMP,8153,24,6.339460040152506e-13,2.2255094485259953e-13,51.36185814185833,6.835008073197919e-13,1,ok,b1,12.293432692852601,12.293432692852585
01392099999,2024,TMP,8365,24,2.069906604272121e-12,2.2255094485259953e-13,52.098623651886655,4.146686289427395e-14,1,ok,c,11.28627440717736,11.286274407177334
01393099999,2024,TMP,8378,24,1.0232117122856724e-12,2.2255094485259953e-13,52.20887113312468,8.969863145786978e-14,1,ok,b2,10.69192402525103,10.69192402525105
