direction,block_years,station,field,n_blocks,samples,bytes_header,bytes_payload,n_flags,digest,mismatched
pi->pc,1.0,00NA,east,11,3185,62334,16016,0,faadeb9c803c4368bdf7bd69a22ea7cd9abe01cf5ffad913737b6a9ee8132400,0
pi->pc,1.0,00NA,north,11,3185,62380,16016,0,b5c85bd947cc8444cf11ec7b74fa28fe68ee5c96c31289a77d3daaa3acbaced1,0
pi->pc,1.0,00NA,up,11,3185,62346,16016,0,94b48b101fc3b64fbd497977dcccea54357993aef5268790807ea12521701e4e,0
pi->pc,1.0,01NA,east,10,2360,47552,14560,0,9026673f2432358e1e01672acbaf5b0704cad64f2717fa6bba229dcc5d4b68d2,0
pi->pc,1.0,01NA,north,10,2360,47560,14560,0,9e4cdb87b111d1047820febaac6ada1a0f8506b7cb7510a3aec08cc78764c73e,0
pi->pc,1.0,01NA,up,10,2360,47538,14560,0,77f9337df3baae04545d9836a80d0486ce06c4965853ff5181881ba117275bad,0
pi->pc,1.0,02NA,east,7,1903,38054,10192,0,4771222ef887100b6d2b69e41a8948004da3c1a939d9cc39ed2ced956a583f43,0
pi->pc,1.0,02NA,north,7,1903,38059,10192,0,bfde81f46000dbd306076a9b56356dd629a6be69e2e4ee87559413bb380b10f6,0
pi->pc,1.0,02NA,up,7,1903,38037,10192,0,54614e1eb0a3a06faaa0709c5b2cff32a3a750e9ca5116253188e7e4bfe7f3b5,0
pi->pc,1.0,0ABI,east,18,6078,119028,26208,0,e005a8101d55a4a0503fcd6176d197072fdb0a1f1deba241811b3845942ebdb0,0
pi->pc,1.0,0ABI,north,18,6078,119079,26208,0,06915641940134aee46226b8b5ac5cd87aeca56f41ecff651f3158899efad51c,0
pi->pc,1.0,0ABI,up,18,6078,119057,26208,0,2c466cde4e8514ed8d21f8b467c196d31420c31801ab95fbdd6d6135a8fe1f15,0
pi->pc,1.0,0ABN,east,4,1206,24262,5824,0,6a432d62337f3260ef697cacde73e2b82f2770883444ea42b7397465d5ea2509,0
pi->pc,1.0,0ABN,north,4,1206,24265,5824,0,534c8ec232ecad81f81afb32d44106a1afc324ec815f4595454cc676f604b0ce,0
pi->pc,1.0,0ABN,up,4,1206,24257,5824,0,1238ef6915682cfc2e93c799b69c274d81d53b1c142688df47c2aa5803b1bb18,0
pi->pc,1.0,0ABY,east,12,4114,80051,17472,0,36bc75591ea1cd0ad7c7e4ffbba8bfc17424a423a5a20ea36714f423c3b63b98,0
pi->pc,1.0,0ABY,north,12,4114,80023,17472,0,667b6147338951c637341163c871c1925282db34202c00e1bbe8e002ab82d033,0
pi->pc,1.0,0ABY,up,12,4114,80020,17472,0,47d75cee84bc6e9400f5ab3fcd6ba25512d1e25b38d1e9429dc99bdeb5338e71,0
pi->pc,1.0,0AKE,east,16,5807,113300,23296,0,5e881451638a590dd1045383e6781ec2e0c7094acd28d6e73e65ee81be0d4e82,0
pi->pc,1.0,0AKE,north,16,5807,113320,23296,0,27cd7b2aa21e728f9641cc5e8aa1619d911db3746095f2b42685c38121fc913a,0
pi->pc,1.0,0AKE,up,16,5807,113246,23296,0,7e82aa8295181b2d0248e6638f17e844b6edceb431d31d9b17f1bc13a2d787c0,0
pi->pc,1.0,0ALE,east,11,3857,74867,16016,0,9c645f68dbe8f3c95f4fa96a69c31884213fdda446fe31df73515a7861d8f2e1,0
pi->pc,1.0,0ALE,north,11,3857,74859,16016,0,20d7bc91ea0b5b263ddedcdc9d4db1abb458849c71ac1b2a04127a09d01eaca8,0
pi->pc,1.0,0ALE,up,11,3857,74853,16016,0,440f713aed85939b3dedda665d2232e1cf19af799b5cd7e7a228d1c12cc0307e,0
pi->pc,1.0,0ALF,east,21,7541,147439,30576,0,ce2d2ae3bc5e6e44759f49ef8488223978a4c026023bffde5a04da0b23971fb7,0
pi->pc,1.0,0ALF,north,21,7541,147413,30576,0,c2266b1b9ff6d24810ead6ab1d38452a1cbcdb23338a1137395f522457d81e56,0
pi->pc,1.0,0ALF,up,21,7541,147401,30576,0,9f964416fa2e9cc306d39a466e3c652422b2ec269b80b17e2d3f1b820a1381d1,0
pi->pc,1.0,0ALI,east,16,5632,109972,23296,0,7d2344d21b4a92a98f6c3b6c8606f71186a42bd908f0c34c9e517aa1eb33b4e4,0
pi->pc,1.0,0ALI,north,16,5632,110016,23296,0,edeff2fe46a0ab244f09de68cbb4f39d90f80e47147dfdc5a261e8773bd7a45c,0
pi->pc,1.0,0ALI,up,16,5632,109937,23296,0,76d3575accdfa176ccf66a0fd3c82b7400ae9a0363c6e0975abb67cace3c2c8d,0
pi->pc,1.0,0ALM,east,25,8827,172557,36400,0,145a0b27e36470b5b10479dd095ddc0227efdb8a55a3f346252816796469525b,0
pi->pc,1.0,0ALM,north,25,8827,172639,36400,0,e74e1cc2015dcdaae0d4508a6736af2b99c0931d5e5f8b4b1d604b073af26686,0
pi->pc,1.0,0ALM,up,25,8827,172595,36400,0,e28eb6e7d7ca492ce137244ce1735c1b484f0cdee95d4970457b77235fac60e2,0
pi->pc,1.0,0ALN,east,4,1197,24098,5824,0,8124e6e1b2eb1f50ea93003eb0cf0bd78b84e0b17488ba6d56404c6d67dff05f,0
pi->pc,1.0,0ALN,north,4,1197,24093,5824,0,41b58d7c3464004732f2c04798a0a6d248552e26cc1edb4f3ff7d81247d9d065,0
pi->pc,1.0,0ALN,up,4,1197,24080,5824,0,d7244b4271440779230e704f2bec4f197fc7c52bfaee0e820a3de02b084282e5,0
pi->pc,1.0,0ALS,east,8,2833,55208,11648,0,86f4a5fb767bd1edf57a4e92281b5a6902baf92fc19d412f2bedfbc54706dc96,0
pi->pc,1.0,0ALS,north,8,2833,55199,11648,0,0473bf7fdeb2c210f123f545983dd94b3277f3f4529461cb556f08efa7ec3acc,0
pi->pc,1.0,0ALS,up,8,2833,55216,11648,0,02e03959d48eac66a8d43838dc7e3fab9dc6edea7c1c58844d29c135053d7c3f,0
pi->pc,1.0,0ALV,east,19,6707,131151,27664,0,46dc92884508dae7e1e561a9e1913bd9b61ea40137ca65e3c8f9787e6c8238ed,0
pi->pc,1.0,0ALV,north,19,6707,131199,27664,0,940da4a7e0debc8d3888c5cfa93ec894bd452df16fd18360e4afb14776823e7d,0
pi->pc,1.0,0ALV,up,19,6707,131120,27664,0,11e6efeb16fadda5eaee6011a2676523cac8d1ffdc004e1201d649a198a5aabd,0
pi->pc,1.0,0AMB,east,12,4090,79604,17472,0,ccec2a178997bf4e9caa1d250705fc5568dad8d897deb7c75564971190cd8b40,0
pi->pc,1.0,0AMB,north,12,4090,79623,17472,0,1a67105d250ab8ef3e1aeb778d7d048d66df55ea311ed1e7d99a5cd8346b8bf8,0
pi->pc,1.0,0AMB,up,12,4090,79519,17472,0,90497a04f2812cd958353151598aba5f1a07dd7d7dc67c1b5d84c2b762439284,0
pi->pc,1.0,0AME,east,18,6179,121053,26208,0,9dd399998aff6ac5ece138f905bfc17423fddb75d212466b7b50ed0723fd3ffe,0
pi->pc,1.0,0AME,north,18,6179,121027,26208,0,cbc8d4931f8afb3300682bad01a54711721cf76b8e11a27e476cb2c2bffe6342,0
pi->pc,1.0,0AME,up,18,6179,121011,26208,0,d902639583f20869bfac3e0eeb947dcc7a7d3316b27f838227ef84aa13ed454a,0
pi->pc,1.0,0AMM,east,19,6683,130729,27664,0,35527d2585be3cade6ec7571e466acdafc5fdab9cf407c1c5e068192dd4cff8d,0
pi->pc,1.0,0AMM,north,19,6683,130757,27664,0,ba67f63f57a3fbb73e2680eb4366c910af2e0cb83cca000fb470c52ec3afd83a,0
pi->pc,1.0,0AMM,up,19,6683,130678,27664,0,9eb9fc907dd9d2b77b72e42496c073a0581bd349f30239875bba148a3c5bd5c6,0
pi->pc,1.0,0AMS,east,11,3714,72107,16016,0,4e11be2627916b7f18d1c242e17e85abb11be6e6040eb2e6c0609e2f792f776f,0
pi->pc,1.0,0AMS,north,11,3714,72158,16016,0,3e8e2540de3e02da5d46beee276ca8ec325cc320b7e9ce4217f4b6be873f6375,0
pi->pc,1.0,0AMS,up,11,3714,72129,16016,0,d9c194368ef6f8e59ac44e17c85dfe0ea069fda1ae01e08ffea50ca6a1f8e8b2,0
pi->pc,1.0,0ANA,east,19,6849,133807,27664,0,8548d378d7e816564604df517475952cec7a0061f99f04ec180da8a7e3bb7766,0
pi->pc,1.0,0ANA,north,19,6849,133881,27664,0,389cdb531a40d6fa98c01bf45f0ab6aa688fe098c25a451b5b09485c0413cde6,0
pi->pc,1.0,0ANA,up,19,6849,133796,27664,0,e2c6dc4268de2a718551cd8226393c5c4a55f45d475e730ab5e07325f4a54844,0
pi->pc,1.0,0ANG,east,19,6616,129384,27664,0,b8120f8aeadd6835694a70f25b2ab71b160a98bdb672c833ff422c2e582923d0,0
pi->pc,1.0,0ANG,north,19,6616,129398,27664,0,c43dbeebd6e4874d2741dbe786260f61380e7b07223e462bbd9b7567aa09408b,0
pi->pc,1.0,0ANG,up,19,6616,129337,27664,0,f06be4622a11b79319ce31d7c2de305c50c7ded757e61e3f9ec803c90bd1e860,0
pi->pc,1.0,0ANS,east,12,4098,79742,17472,0,88f149d18114a438777b9b03d4b9118d57a9b1ba23dcb6829ed16255a48bebcf,0
pi->pc,1.0,0ANS,north,12,4098,79762,17472,0,53852a9149199a7704e486193efc91e6fd769400577a7f1f6b4049a45e3984b4,0
pi->pc,1.0,0ANS,up,12,4098,79695,17472,0,ba9e078eb2cd18b726a8640c49f7d106bfacde9fd480724177e3d6e123849228,0
pi->pc,1.0,0ARA,east,10,3451,66978,14560,0,f8c2eabeb01d9d27bf7af5aafffc1d4d13b6e781461c364d153f974186dc6e5c,0
pi->pc,1.0,0ARA,north,10,3451,67010,14560,0,5306681d4ce28835fe53e12b5413ecb75e178b2305b21023b4c0c12ba30aa99f,0
pi->pc,1.0,0ARA,up,10,3451,66974,14560,0,e5cf5654b1b9dcba66703ac31047692806a1dd5d3ca02cac716f729ec8174b3f,0
pi->pc,1.0,0ARB,east,16,5494,107505,23296,0,6d317a0a6b402f80c27241564041ca6a7742736c9e721fc2cdc7e394fbd0dc5d,0
pi->pc,1.0,0ARB,north,16,5494,107563,23296,0,dd1142910e77beee40e9c48323aba5c3aa634174b5bd51542ce1404496be5ab8,0
pi->pc,1.0,0ARB,up,16,5494,107448,23296,0,93e8758af489c8b29c48186dbb9cf56b738c0abc8140bf6dc0872d22cafb8107,0
pi->pc,1.0,0ARD,east,15,5199,101541,21840,0,06acb92b82bb012469386ca25780110f70eb53e9ed9bec635f98e685edb87d07,0
pi->pc,1.0,0ARD,north,15,5199,101581,21840,0,a0d54d30063cfd191ca0192ee2132fc6081fb9834982dc31bcde3fc4ebfc51d8,0
pi->pc,1.0,0ARD,up,15,5199,101567,21840,0,88e601095453c12327f782fb0e346d494894ed6bb59920d9dfd3e0aab977979f,0
pi->pc,1.0,0ARH,east,5,1565,31216,7280,0,84abac27c1f9bd36a6d17ca3775fea6283c98874dd6915932941678a610f8a07,0
pi->pc,1.0,0ARH,north,5,1565,31200,7280,0,25ddc6c44d1e7e496a7900f28dfb7a08432b9b907be220778a57645348284b07,0
pi->pc,1.0,0ARH,up,5,1565,31213,7280,0,52397f2652b946f5b67b3022904298907e079d559d0d9a7ef476e4dd0f76e575,0
pi->pc,1.0,0ARJ,east,33,11336,221823,48048,1,ee6fb97fec94258023ae1cfa5012fc88d714032031b1bb05aab214cb0b697774,0
pi->pc,1.0,0ARJ,north,33,11336,221817,48048,1,fc5c0af262fea6ee8bae9232f590eeb71f86e82c0a15f4ea7169e2976f400932,0
pi->pc,1.0,0ARJ,up,33,11336,221699,48048,1,f2b9815916a1f68689cc8a04070ad803aeccc68716d5f6cb4c04ef3813f470b7,0
pi->pc,1.0,0ART,east,20,6911,135497,29120,0,68b3d2fafb6faaffe811b09237f700f2231e3549bb16a8c417492bdde72de1c6,0
pi->pc,1.0,0ART,north,20,6911,135440,29120,0,f0e63a46fec37c3bf85e831c0cd027e17597d4cdbe0dd135fd696be7fba5e0b1,0
pi->pc,1.0,0ART,up,20,6911,135404,29120,0,6b9a13406f08e236955084e836428e964d79ba79567661741d5f5bb0668f0f4e,0
pi->pc,1.0,0ARV,east,20,6931,135787,29120,0,cc0f2f9d2177c39833a11056a3da3a8cdf72f2776bbb69570f48397e480bb409,0
pi->pc,1.0,0ARV,north,20,6931,135856,29120,0,259e21aea10da2e60cb3192c828c2fbf6c0efa59e66a47e8cdae5d928f9a7346,0
pi->pc,1.0,0ARV,up,20,6931,135767,29120,0,7c0c29e89a5286351e87809b9ce5c44b47070fdc1642e4b20c2bcc7896b3004e,0
pi->pc,1.0,0ASD,east,14,4828,94257,20384,0,709b7bfc30b6388360b402633ecc0c066ca63cd34db4af1b4eb346deb34ac380,0
pi->pc,1.0,0ASD,north,14,4828,94259,20384,0,eafb46b2fe069798143c74ab3cb3f5cf66e10bb81119a037c4225901b1b4325f,0
pi->pc,1.0,0ASD,up,14,4828,94234,20384,0,c57dcaa7d0ca0389455585b35e19601e8e9a524152685d160c1757d0dd69ccdd,0
pi->pc,1.0,0ASE,east,19,6883,134515,27664,0,b9b1a2a7587053fbf045d6f6fdab5771e4a21dfcb1ac1a347613cfaf941d77ab,0
pi->pc,1.0,0ASE,north,19,6883,134522,27664,0,4423d47af57a22738ac671d569fb3fd3105f1a403db0234453bc4585c5a6d699,0
pi->pc,1.0,0ASE,up,19,6883,134483,27664,0,2f75a0ca555dcb10bdc0330ddbf3478ad7234049d64679b7b51fe61888566022,0
pi->pc,1.0,0AST,east,9,3042,59264,13104,0,dff5b3c967abbb58ffaaa6598961fbdaef1109b99f6dc827439d70403b76ef09,0
pi->pc,1.0,0AST,north,9,3042,59272,13104,0,7cf406e58af1a96be7c30db91bdbbb10eebb6152b8ff65732d5c010003f45f34,0
pi->pc,1.0,0AST,up,9,3042,59271,13104,0,48deff23c0369a2533558d45e3d427eeba0e91e69c266accf6d17b05fb4c3474,0
pi->pc,1.0,0ATR,east,24,8639,168988,34944,0,a766e1ba1013e42c229c54e66c14e3e57e7a6dfc9f75102d0bfc69904ad14721,0
pi->pc,1.0,0ATR,north,24,8639,169077,34944,0,595ef907705e447f73210be7e95f819f450580b4d23b5bac84d5e1b230ca86bd,0
pi->pc,1.0,0ATR,up,24,8639,168975,34944,0,88bd8ff4164c309a792828617453849cfdabff489b29652eea8b8db4d866d637,0
pi->pc,1.0,0ATT,east,8,2637,51665,11648,0,a934638c659b6ab7e5bc756756de09740d824bbc9a659d8a09e3e4bf66d249c9,0
pi->pc,1.0,0ATT,north,8,2637,51674,11648,0,ff4c0d1fac7b6db895fa8bd49ea29aad42168dfb6aa23d4c408d039a166144cd,0
pi->pc,1.0,0ATT,up,8,2637,51649,11648,0,ab5876207f195581d091421d02bc4aa6253d05482ae569b9a87715e7bc8613eb,0
pi->pc,1.0,0ATV,east,12,4106,79871,17472,0,25b18e40e43f31c49328f4871f07c861d3a39067da24f3e315a2b865cc170ade,0
pi->pc,1.0,0ATV,north,12,4106,79882,17472,0,bc9cfbc28cf1e22d1e9867535ce7f2c9547739ef403980dd8d136e5be041ac63,0
pi->pc,1.0,0ATV,up,12,4106,79850,17472,0,5a4db2af490bbd98ccc7c8fd98a87e1094fa67fd7712d22d34dc3d9d77e43961,0
pi->pc,1.0,0AVI,east,4,1206,24310,5824,0,039e7939582efa1a4fac0240892917a38bf62e18c178b6d4b4ab5cae7fd885d2,0
pi->pc,1.0,0AVI,north,4,1206,24279,5824,0,3452bf43f96216cd467f991f3125cba423c75934e0b5c78e08acc52ddee87057,0
pi->pc,1.0,0AVI,up,4,1206,24290,5824,0,6253493a85f1447fb456fbddf3db2b18650d6314f8f3c066adc5eca1a48c7b01,0
pi->pc,1.0,0AZ1,east,8,2767,54082,11648,0,c2d943e130cce3f2f104c9a5f50b0467dc817f5e6d7ea34632262a8f965876e0,0
pi->pc,1.0,0AZ1,north,8,2767,54081,11648,0,25abd5fe3957be4112f77eac387d432fa895e2145ce43de750e216ab8608cc92,0
pi->pc,1.0,0AZ1,up,8,2767,54041,11648,0,84a05867adfb7c31956d58864064455435fef01e627350c0c95983d733ad2ab1,0
pi->pc,1.0,0BAS,east,21,7291,142870,30576,0,d81b885a2e2eff51afa4b05ee3836fab75cfddf93efa2e2f3b4d44eaef998955,0
pi->pc,1.0,0BAS,north,21,7291,142917,30576,0,0e72e6ecad0c4592fd644d94229b9d09e42647e2bff84b7f0c2b73179e8a3506,0
pi->pc,1.0,0BAS,up,21,7291,142852,30576,0,64a8e1058dfe0a19bf7653298e45cd9b51c5cb56afe53398d95a8cf51a896083,0
pi->pc,1.0,0BEB,east,7,2512,49024,10192,0,9209f9936962fc9d68d67ec4942eb70cfaad7fd26e4fedc4b0ac1fd2920a7613,0
pi->pc,1.0,0BEB,north,7,2512,49009,10192,0,8beae80a7f9c71f3ea892ddbb20d371163cbade78eaec369ab876ffb0e4b8baa,0
pi->pc,1.0,0BEB,up,7,2512,49016,10192,0,6f41ddb44b9cc6a77cf78aa46e97f0882314ed5cfdeb12e77d95b017fc1d223b,0
pi->pc,1.0,0BEF,east,13,4503,87647,18928,0,85d23ab8934bda06c79b69b1c3763b5e98ea82c9d97990e2f0139c56e63ef60d,0
pi->pc,1.0,0BEF,north,13,4503,87662,18928,0,4521f3cd9e5da773626612cffe95d0889c962993e4c743e88bb570d89dcb093a,0
pi->pc,1.0,0BEF,up,13,4503,87638,18928,0,ee06613113d495429013ccdb594397da0be5d4ca02174511f6013645340a0e33,0
pi->pc,1.0,0BEN,east,4,1259,25246,5824,0,fe9e43b7bdefed2b6a481569207737b838ce214f6eebe75ad76cb1b7bf1f50ae,0
pi->pc,1.0,0BEN,north,4,1259,25247,5824,0,4e61bfda3129e6d38dcc83a940270a97707d011642ddc6fb984f04e508ebb289,0
pi->pc,1.0,0BEN,up,4,1259,25241,5824,0,d4ea142a59e5fd9ef02d9d9b48f90639303766f9b6c35c0a4c0e2fabbb17cbcb,0
pi->pc,1.0,0BER,east,8,2810,54805,11648,0,a31fbb3f5ec4f09d2fd9e9c50207e23331084ab71ec542f42ffb85e17b03b067,0
pi->pc,1.0,0BER,north,8,2810,54783,11648,0,860383e1ce05fcbf359bf9d6bfa130d408683cdf3eef7923936e78ca1dfbf9ff,0
pi->pc,1.0,0BER,up,8,2810,54780,11648,0,de35c1e64623a74e6a562230a52756e79bd1e87b40ae82b7bca92fc03ae232bd,0
pi->pc,1.0,0BIE,east,25,8831,172712,36400,0,ca0023919beccfacc3883babb0ca95fe5ed05f6caf4bb6ab0777201f9193f7f6,0
pi->pc,1.0,0BIE,north,25,8831,172765,36400,0,d97932d3f16e94cb1f7bcec667311bab21096b30aed9e8ba50d51c3996dac4e6,0
pi->pc,1.0,0BIE,up,25,8831,172689,36400,0,02b18cee608f0ac3789b5a9432a4de32b7cf8d01b684a514f5959cd8623f0cd6,0
pi->pc,1.0,0BIP,east,12,4153,80720,17472,0,e353a77893cd263c17d83deda650b16e3e609cd638bb4555a10695ca57907b23,0
pi->pc,1.0,0BIP,north,12,4153,80722,17472,0,08fa4bb5dba1d3bf01865fbc46235c8ef8c9443fdcb3788c079fe89e3eb21bcf,0
pi->pc,1.0,0BIP,up,12,4153,80737,17472,0,e7df59c5807ae0de42c76a5dafa9dee3a86d9f2586bcea3a349a5e505f12ab31,0
pi->pc,1.0,0BIS,east,16,5656,110471,23296,0,d794fbeae77a8a4b5ebce4ede5963b32c0a3de2335ccb71eb5dd5e9e872641ab,0
pi->pc,1.0,0BIS,north,16,5656,110479,23296,0,f8c91cc84a45f56cc5cefa741cc97dc1fbc4a14b1c8e3afbf20a94fc641a8319,0
pi->pc,1.0,0BIS,up,16,5656,110432,23296,0,86d3544b513ba1acce4aa09a4981cc731d8f7e9cd196aeab159a7aaccb13b74a,0
pi->pc,1.0,0BJA,east,10,3449,66860,14560,0,920633639d0e1592d5e9e9eaaacf22b180adc5c2c908a1251f91f2dacabe1ad8,0
pi->pc,1.0,0BJA,north,10,3449,66856,14560,0,27f4817acb73ba3b5795313fa16612e060593dbd6622f875f3b01016f0776532,0
pi->pc,1.0,0BJA,up,10,3449,66807,14560,0,feeaf5a3cab36bd5404ea62ae1791595634b5c52d10f01850f0986154165f11e,0
pi->pc,1.0,0BJO,east,25,8832,172752,36400,0,94e2e34d25bb4e76f7537c4358d566b295741f992d8be8ca9fe570ba4c209f88,0
pi->pc,1.0,0BJO,north,25,8832,172818,36400,0,aaf8a87724dfc896a87c929b5a44d040e931bf4ddffea3c84eb2c6ca844fff4a,0
pi->pc,1.0,0BJO,up,25,8832,172669,36400,0,917bb2da0dde6d57e0dd4cefcb7171c46ca7e673dfc8c74410bbdfe1022c8e26,0
pi->pc,1.0,0BJU,east,21,7269,142465,30576,0,b07f99e29ba664f31e0e9b3ffd5b8271af183a7c79d6b314b492edd0397e8502,0
pi->pc,1.0,0BJU,north,21,7269,142541,30576,0,868182f0138b137ac448ae098835012fa73033d30b3267d0aec2b9ad300e1448,0
pi->pc,1.0,0BJU,up,8,2882,56077,11648,0,a0b6907606da880402408325dfb220ef667221ca6e49b45ad2ac6acf2544be36,0
local,0.25,00NA,east,37,3171,72495,53872,0,0b26ebbd8ab16c651176bf6d77cc9a704ccb61f0c076d4ccaab92726f70fa9b3,0
local,0.25,00NA,north,37,3171,72500,53872,0,c9bff204f683df1251c537216cfb75fc774c1bf93503b5357f85aae3e683e335,0
local,0.25,00NA,up,37,3171,72443,53872,0,c273e83a73d1731ddb4ae07246a73aa9f9009e28d4f7782857e873c99f5a33ab,0
local,0.25,01NA,east,29,2338,54810,42224,0,811ba54d604da549b3e779432502adb9ae22673ede4f905c4d364274af647bfc,0
local,0.25,01NA,north,29,2338,54866,42224,1,6031741958634788c45d096535008522d15df27de4f47219b403590ff2e394c9,0
local,0.25,01NA,up,29,2338,54737,42224,1,7f277157c57ae747c7e5478a9a9da175e7e54d1b99cc44f7f307a803a3abe10d,0
local,0.25,02NA,east,24,1894,44691,34944,0,77be9439cbac3c8766a4289b9f93de162427b5da3b1359a306af8e39b0726c92,0
local,0.25,02NA,north,24,1894,44703,34944,0,9c3ab12f9b34069d7df7c5d6f3669f4f705d13c5d57916cc6de6b10fc1794c88,0
local,0.25,02NA,up,24,1894,44651,34944,0,17ddc552cdeed1eeeec9769effaeeb9eb98d538f07620d6c39d7ba034a10c3ee,0
local,0.25,0ABI,east,69,6078,139491,100464,2,5b94fa50e84afd500e11eee9b4afbfee8116173efda0aca0580c22a450b31eb7,0
local,0.25,0ABI,north,69,6078,139677,100464,2,262576feb0c864c12527576a25e73d8db29a9fd7d46e037ec6e8a6079c4e0084,0
local,0.25,0ABI,up,69,6078,139462,100464,0,2ebe3cb1ac2311bc435e9e75921caddb64fb9bb32a5ceb63ca9ecd39cb3b78f7,0
local,0.25,0ABN,east,14,1206,28272,20384,0,625d36b72653a60e174f49f718d8fe83eea533f067d702a9ff6cf732ca4420df,0
local,0.25,0ABN,north,14,1206,28279,20384,0,bdc4b541be4bf61d506d3e2ace808d9b77d9a5be19996f4610c80cfc4a3eff02,0
local,0.25,0ABN,up,14,1206,28232,20384,0,02a628d34dee396ca978e22d1aa933ece5eeb82467fb563b174e9f1ce3701da3,0
local,0.25,0ABY,east,46,4114,93707,66976,1,a5554abcf41353499c14ac96992a717bc0702efe72c3942205b306a2301cba67,0
local,0.25,0ABY,north,46,4114,93654,66976,1,f4fc86284f83f5ff07aafb9b70443e41e590a3334e990237d62156a5e07fa7f1,0
local,0.25,0ABY,up,46,4114,93615,66976,0,55685dfd2817c26d1e024ae2e70e63eedcad34d212bc2cffe97a963b693dafad,0
local,0.25,0AKE,east,64,5807,132635,93184,2,642922fd81466def2bfd4110113653b08ffb127a37ffe3a5826fc49dbf5fd05d,0
local,0.25,0AKE,north,64,5807,132718,93184,1,ed7f69cd8544f0d7d02bf5aef708dc696e29ae32ed5fa88c5dca29ea364b3292,0
local,0.25,0AKE,up,64,5807,132434,93184,0,5821d757b35d4aad7600614657b42646dc6452663c96a6d2b580141cf483e043,0
local,0.25,0ALE,east,43,3857,87691,62608,1,7d8bafbe4ca4f993697a313d785cb6e8f14273aed8b114a970cc393399a87958,0
local,0.25,0ALE,north,43,3857,87697,62608,1,9a5634a3203e044ff83b55788f3b2a882539e5d7c8737086fbc27306ef80e25a,0
local,0.25,0ALE,up,43,3857,87568,62608,0,9c79112f554d8da559d005d75e32f39153c0583868c8034a339bf842f1a5c8f8,0
local,0.25,0ALF,east,83,7540,172530,120848,2,f6d21fba0377101af87c92c0e172b76577fc123147c1e5d35192566a4be57e2a,0
local,0.25,0ALF,north,83,7540,172451,120848,2,4122ec87971fc038b95c1285d76026bab019a8e5dc11b9905e761001db072270,0
local,0.25,0ALF,up,83,7540,172206,120848,0,52d462834924f0c6ea3622babd46c396c36c0f841ff0d331a4302cba1d97e277,0
local,0.25,0ALI,east,62,5621,128329,90272,1,809c6a0574c64df6556f3bb76a901e2c4fb97c2c590636a7d74ac2dcde8bd5e8,0
local,0.25,0ALI,north,62,5621,128379,90272,1,a44438b7c2a868719e46560ab9926fece10beee582011e7e38960ff4422e2499,0
local,0.25,0ALI,up,62,5621,128141,90272,0,21662567216b0327767ff494496ba5842b2ad3ecc841971393c30c4950409a1b,0
local,0.25,0ALM,east,98,8827,202003,142688,2,ab0652c137ab77bc1527400892eb5202a073b072c1ef0470cb021e6212b94dbb,0
local,0.25,0ALM,north,98,8827,202112,142688,3,4d9753974252833a7d2215a488ba20fe9de68964c4ea7283b686fcfb595110c3,0
local,0.25,0ALM,up,98,8827,201808,142688,1,97d471d47d7ae39ae09c1701e278ec2291b9e6445423dc1113bf3e9bbfe68a9a,0
local,0.25,0ALN,east,14,1197,28092,20384,0,b53d261d91b1df04cc1fbd9a9bd3cf7866e268b74ab8024e38db6818f7f684b9,0
local,0.25,0ALN,north,14,1197,28153,20384,0,056f8a5045b92fc3117a31ba59536a6f9fa05f6a8f11ae4a319305af90d60810,0
local,0.25,0ALN,up,14,1197,28108,20384,0,92f6975d457ddf6bc4e617eee33d09a16ecc9216d4bf5d069b1d675c37b7b746,0
local,0.25,0ALS,east,32,2833,64856,46592,0,cabf9fb6c95b9a508a46f7beed7ed1cd43b030131cc76355dece701dc44cb4cd,0
local,0.25,0ALS,north,32,2833,64888,46592,0,da71b6e782ec5f7d2ec61f51e8ec4a362ea30cf3617708c560eab42a66bb5783,0
local,0.25,0ALS,up,32,2833,64833,46592,1,5a06e190fec0356d2fe902b24afdab827c0725854d8a6b94f37eb76527f56b5e,0
local,0.25,0ALV,east,74,6707,153398,107744,1,4eb4628dba0c75819b201cacd64049abf28c557b759afcac95ad60d9e345cf7c,0
local,0.25,0ALV,north,74,6707,153384,107744,2,5b6a1d9a7a2659f9a6965bee6df2492a2cab8b9b693690851110ce24ccb7ac59,0
local,0.25,0ALV,up,74,6707,153228,107744,0,750765ccf33389733fde799b19be4f4cc0b266d812816fc1fa434d3884125be0,0
local,0.25,0AMB,east,46,4090,93274,66976,1,537f075228605ca249a5933e8fabcd1675e379539d1a82ef23035439807132ac,0
local,0.25,0AMB,north,46,4090,93256,66976,1,12e0f0679aee78ee7581026b59f6fa6d552a71d3b22bdb47199e8a5274cca50e,0
local,0.25,0AMB,up,46,4090,93097,66976,0,439cfbf8065eb29be1f3ac6ce1ac6530d6f91277ab8734feb393b1b6c6290348,0
local,0.25,0AME,east,69,6179,141567,100464,2,3c2644ae1aca657decc5b4df45e6d0cfb801c0edb9b6d2ab06ebc56650ff3add,0
local,0.25,0AME,north,69,6179,141625,100464,2,d3edffdb8ef53f5415e718c401628677a0012ceae8ac189eb8c6af055b337c9a,0
local,0.25,0AME,up,69,6179,141522,100464,1,47a8d6dc18a4584f7c6953e6c51d790b1c4f76d76f07d564734061e6b1057919,0
local,0.25,0AMM,east,75,6683,153378,109200,2,f1096f0e877b3b6ece626b8ebd975ab32374a3f26d2de02d5c80a6159607e22d,0
local,0.25,0AMM,north,75,6683,153338,109200,2,aa35b2ca2580217e02d7d04c0a58ab01e61e16afbe679ed86efaf5a745b88c02,0
local,0.25,0AMM,up,75,6683,153123,109200,0,a89e65cda5ae0d00073106f7cca60b512eeccb5a697f101ae418a26da7f4bbae,0
local,0.25,0AMS,east,42,3714,84651,61152,1,3386748bef6775612827ca294bad32b2c4976e542b5d85ceb16244cd604ae72f,0
local,0.25,0AMS,north,42,3714,84638,61152,1,581f7e6c892c9569b9734fe42f9a5ca2fe9cf508989aebecb255f31ac8081a1a,0
local,0.25,0AMS,up,42,3714,84499,61152,1,ab4a43f639713ecd2b2aa49f7de00a784e82c596e3bd38c101544f0dd946d136,0
local,0.25,0ANA,east,76,6849,156864,110656,2,64b98381ffb7c16888973689e703f28eebeda21e0be92aaac46cdf5cf25e7ff0,0
local,0.25,0ANA,north,76,6849,156954,110656,2,50fa27e5f147c0613c5f6ecd4e0ed7ccb05b57841acce4c09d3746106282e671,0
local,0.25,0ANA,up,76,6849,156624,110656,1,8fbf55e46d7340614f42c10acf1fc3a2bde23195abda1282d1899e48441a98a1,0
local,0.25,0ANG,east,73,6616,151251,106288,2,5e8ff0756dce3de36da2a24ad22a28909f600cf9ba4083995f23ff93898467cd,0
local,0.25,0ANG,north,73,6616,151188,106288,2,d4b4bb644df9fdaf18d0fefd236027c8b6af27648416212528ea79ebb6cc5ec4,0
local,0.25,0ANG,up,73,6616,151023,106288,0,da6bea93bf50fe210d1f96d827d4c122079562af31b488e840481a73240c57ae,0
local,4.0,00NA,east,3,3185,59147,4368,0,7bce3cbcfc5489831d624f8b0d79918b307665e65ad0971b6444ca044a17aa9f,0
local,4.0,00NA,north,3,3185,59162,4368,0,cef3a8685938dcde67364b66d8939b712e4b0d27d3ef63c5eb3b23f8ee7d109f,0
local,4.0,00NA,up,3,3185,59151,4368,0,ff1df78203d6c7d0a87b0e9178cb944d3a312beea7951126c82696fec187641c,0
local,4.0,01NA,east,3,2360,44745,4368,0,677764874ffdca7cce92b095b1a1cdbf0b7cacf42fbd4395d1d9c2715f6f9881,0
local,4.0,01NA,north,3,2360,44758,4368,0,955134cab6144dfc1ab3a0ed81d79429cde392fd1dec38da94102bb57daea46e,0
local,4.0,01NA,up,3,2360,44735,4368,0,328d8f17355d27cdf95f477071a310ebca51087e3eeac391d3c9f4578aa63cb1,0
local,4.0,02NA,east,3,1913,36618,4368,0,42b82442113d065f96b188e68d78742f2d2fe8895b41d2dd834722346ac2cdae,0
local,4.0,02NA,north,3,1913,36646,4368,0,c5b421aa1d84d910c759f98983ec8c6eec4574b9d4b42f62ee492ecf90a65538,0
local,4.0,02NA,up,3,1913,36615,4368,0,46a01557cab75ea03362266111727a2cd6097b6513d2dcda90dcfe90b7531af1,0
local,4.0,0ABI,east,5,6078,113828,7280,0,f3ebf6195bc6887d923687cc269ada798b534d7c0fdb2510320d22027880c68f,0
local,4.0,0ABI,north,5,6078,113853,7280,0,3f5200837b044ffe22a335aed688da83fb90343402824ec9bcbee9c0dafc887e,0
local,4.0,0ABI,up,5,6078,113822,7280,0,f7c0f3dc67f80f08400183a59bb18156199b7534d6ab25747bc0879c355ce1d1,0
local,4.0,0ABN,east,1,1206,23059,1456,0,da41655e67f9b1f76daa14fdb7892a84a24d25b0489c89b1cb6b3ac0d771bae1,0
local,4.0,0ABN,north,1,1206,23060,1456,0,5f44a9aa9f4e9142d1432b07d131e5d09fbcca88a7bb1da7944ab49b44de0986,0
local,4.0,0ABN,up,1,1206,23057,1456,0,6ded41c12cbb0ac034e35709d4cdcad0dceb883980c2b225e490d88a79b8cf2d,0
local,4.0,0ABY,east,3,4114,76422,4368,0,717c68b73e52fea50e0a8179ad038720582b17922e3f5c69c46bee3689d01a8c,0
local,4.0,0ABY,north,3,4114,76401,4368,0,106cb84f1f81ca3f5f0369eb5a396ac2e0c91756ed62a4edea53c518875d169a,0
local,4.0,0ABY,up,3,4114,76396,4368,0,10f553813d65c66cf20c94747a3bfdac72cb0f0569253f16e0e880fb4b7b366b,0
local,4.0,0AKE,east,4,5807,108456,5824,0,58dcac03d08adeee71ca8831f0101e9165eeedbc76e55c3ecfd6df48ab603f8e,0
local,4.0,0AKE,north,4,5807,108466,5824,0,4c2c48c9fbf6f3e9614197ee0a1ea418d49a237872bd9956bcd9aa77dd2d5b8c,0
local,4.0,0AKE,up,4,5807,108455,5824,0,a65dff06fc1f1b85fe49ba8e9f7fe396e41deaeace32428ba0cd0cd8883fcce8,0
local,4.0,0ALE,east,3,3857,71652,4368,0,369168b98699d48db2927299c200c93c7876667b3c4710aefb0388ca66b91693,0
local,4.0,0ALE,north,3,3857,71648,4368,0,bdff327264022ad55f8f22e3bce6a184e46c24cf40e07c97666390a11d29c8bc,0
local,4.0,0ALE,up,3,3857,71659,4368,0,0dcc3212b991d4af712ab940fdf8b2fc2970bb9e8a05ef44e5d4109cc17e8c9c,0
local,4.0,0ALF,east,6,7541,141361,8736,0,5e77fea1d75a6a1d2575e715515f8c31bc8382abefaa8c38f65d8f8c425f5eb6,0
local,4.0,0ALF,north,6,7541,141367,8736,0,813be0f6632a1bd220bdb6045d2540d5a627f93707fe7ccb902585293345de8e,0
local,4.0,0ALF,up,6,7541,141330,8736,0,c3cfaf2cd29e0c56f24b6bb2c8768b5651fcaec78c87d346f36dba0dc9aeb07e,0
local,4.0,0ALI,east,4,5632,105162,5824,0,9c78aa97a87c0957258e2b95955fe9d1d1f9815943b36287e8e19493fdfc70c9,0
local,4.0,0ALI,north,4,5632,105140,5824,0,86195f3eadf3b14679b667155644a48cc25b513d2b56bf37147bcc18b78ce7ba,0
local,4.0,0ALI,up,4,5632,105147,5824,0,92496f319f952909c23ea22fae400f85cec0de6d10e480b9d11b86740d7524e6,0
local,4.0,0ALM,east,7,8827,165355,10192,0,f5220b673b16d7cb018512802ae108e7f59af1bbe42d37533dc17da4bf85c630,0
local,4.0,0ALM,north,7,8827,165375,10192,0,39cf6e6a3a615af1eda3b0a32ef7d4f2f894382badb1266d1824f34903b640d2,0
local,4.0,0ALM,up,7,8827,165332,10192,0,15d883ee208afedbb53ac2a375442b3e2ea0cff0e8b56dbcfa88279ee73cb7b7,0
local,4.0,0ALN,east,1,1197,22899,1456,0,13c03fb5d6782867feb0b1ad916c5b785b93d265257fdbbb15984ad5cf87aa42,0
local,4.0,0ALN,north,1,1197,22891,1456,0,3bcb794c0214b5ced921758afd3b3f7ae5dc20c4a29ead23b7d9031d16621fa6,0
local,4.0,0ALN,up,1,1197,22896,1456,0,3cee08bb4fbb19c939888f92a7b940a10459e896676d36b1a23f0fa3d16b5e7b,0
local,4.0,0ALS,east,2,2833,52809,2912,0,b977f7aa1b97929701d060eff16941f6ff5e55ebe9ca5f61cb145ad0f927481b,0
local,4.0,0ALS,north,2,2833,52816,2912,0,c971aab0a1f34a0e53a996d6dafbe5d7691bb529d36b855a5fa35c6820cff7c3,0
local,4.0,0ALS,up,2,2833,52810,2912,0,17530f1a6d16857c7a977800d2283122146fe1f75ec30f323f11276cc2b8b47c,0
local,4.0,0ALV,east,5,6707,125526,7280,0,fadebe019a813da10c1c23f919f9f41d36ea19bde80544dd97a32faaa1e82fb1,0
local,4.0,0ALV,north,5,6707,125533,7280,0,bf064db07207a26934e7293ac4dffcee30588ee7476b955d2375c47bee3675ae,0
local,4.0,0ALV,up,5,6707,125525,7280,0,6516a47fb8579e419c0f2a1b5fd5644e29fde4d873029455ff1130939984bd6c,0
local,4.0,0AMB,east,3,4090,75966,4368,0,268acac9c51f088e2059fa2a902f8cc6a4824eae4a50e9d863373c8bd8a4a904,0
local,4.0,0AMB,north,3,4090,75968,4368,0,fc0587213c64567a270ca4df0289fa92278ea8d7f4c8ba7a30e4c97cd5d5e94f,0
local,4.0,0AMB,up,3,4090,75963,4368,0,489306f5a14224f16c13b8cb32999583c417e9886280648353e51b44eef5c7b9,0
local,4.0,0AME,east,5,6179,115817,7280,0,79cd18b4f44a9c15b71b8993a5595a8708a0125facd67fb19311a269937eb58e,0
local,4.0,0AME,north,5,6179,115814,7280,0,bd84a18c2247e39d773f97ed1271c80bc736c6333a6dec52556b37a10662c81a,0
local,4.0,0AME,up,5,6179,115807,7280,0,d6996c1951b4f7ccd3345928e63af2eb99a3e381c2cc0c422d5f2d86b514b124,0
local,4.0,0AMM,east,5,6683,125073,7280,0,8a08c6ac7338a4a0f06f0c794cb79daa1697f41e9af30776e33778d3f8fd90ab,0
local,4.0,0AMM,north,5,6683,125101,7280,0,8ad74aaf1f7b5fd5f1307840aac75cbfd6cf9c11601a08157fc2f707e785afd2,0
local,4.0,0AMM,up,5,6683,125061,7280,0,2c593ef97d9a0485161030ba7220d5aa6bdd7a2291c3147200579c9ac5ac950e,0
local,4.0,0AMS,east,3,3714,68919,4368,0,d4bffe96fb103fa261601c47a4dec387bd3939252429f0ecbb9eb52bace24c53,0
local,4.0,0AMS,north,3,3714,68933,4368,0,2990ca51e69f24a09332e988dc04a3b6ff51c3817005afe3c9d24a54d09fb819,0
local,4.0,0AMS,up,3,3714,68918,4368,0,2271775cddd139be9bfa96b06a26660c0e6923fcdb1143899fa0a3d81fba1321,0
local,4.0,0ANA,east,5,6849,128192,7280,0,aea059400a749d0452542b7f8fa33bbb7853709c980c3db2bced85aab922de6f,0
local,4.0,0ANA,north,5,6849,128200,7280,0,429fa8d8575f6b11cc26ba2747b935965511b90993201e24b9ba917c4e48b01c,0
local,4.0,0ANA,up,5,6849,128181,7280,0,34b0977bcba305e236c6dc424e4b30d70e61bafbb814af909ecafc997e33c3f4,0
local,4.0,0ANG,east,5,6616,123725,7280,0,ddf1bacf4faadd89973667d87d52e4d584258df56b316ee31e73a0b75bc3fe8c,0
local,4.0,0ANG,north,5,6616,123729,7280,0,c7773b0a1717cce63c6028c37e0d9f9da2ab82dcf653c8ee5d7b9c628352ae15,0
local,4.0,0ANG,up,5,6616,123715,7280,0,a014c3fde247078988cd25d09b9495298dabda1d16a7cb24b6b2c33e73c546fc,0
