sta,component,n,span,order,score,coverage,gram_cond,gram_rebuild_err,gate,worst_param,v_image,v_raw
00NA,east,3185,10.4969,100,2.6075328958673333e-11,5.4210671981712746e-12,223807924542191.03,1.7847227271839252e-17,ok,b1,0.03649385464509269,0.03649385464510119
00NA,north,3185,10.4969,100,2.4576891966873342e-11,5.4210671981712746e-12,223807924542191.03,1.7847227271839252e-17,ok,b1,0.05946983759526585,0.05946983759526303
00NA,up,3185,10.4969,100,3.8691620466964045e-10,5.4210671981712746e-12,223807924542191.03,1.7847227271839252e-17,ok,b1,-0.0007931862124021882,-0.0007931862123732122
01NA,east,2360,11.4743,108,5.060702098535846e-10,2.35096814475648e-12,2.380757115508137e+18,4.8172388865091537e-17,ok,b2,0.03533528933443703,0.03533528933438614
01NA,north,2360,11.4743,108,2.825081606166823e-10,2.35096814475648e-12,2.380757115508137e+18,4.8172388865091537e-17,ok,a2,0.05906913959344016,0.05906913959345551
01NA,up,2360,11.4743,108,9.5530196221914e-10,2.35096814475648e-12,2.380757115508137e+18,4.8172388865091537e-17,ok,b2,-0.0034575353886207635,-0.0034575353885815925
02NA,east,1913,8.2738,83,2.332436212517126e-10,9.396186571571394e-12,2.182752620489316e+17,2.2285710478623112e-17,ok,a1,0.036167784001143365,0.036167784001175866
02NA,north,1913,8.2738,83,7.740316664917946e-10,9.396186571571394e-12,2.182752620489316e+17,2.2285710478623112e-17,ok,a2,0.05929975271000446,0.0592997527100233
02NA,up,1913,8.2738,83,4.993196643546821e-10,9.396186571571394e-12,2.182752620489316e+17,2.2285710478623112e-17,ok,a2,-0.0015901588772601844,-0.0015901588770220617
0ABI,east,6078,17.1965,154,9.029670400199018e-14,1.2077807076568491e-11,327.96953456344283,3.7409291780722615e-17,ok,a2,0.015198656937106265,0.015198656937106089
0ABI,north,6078,17.1965,154,8.269924778376588e-14,1.2077807076568491e-11,327.96953456344283,3.7409291780722615e-17,ok,v,0.014935119097153957,0.014935119097152722
0ABI,up,6078,17.1965,154,1.9251908215992977e-13,1.2077807076568491e-11,327.96953456344283,3.7409291780722615e-17,ok,v,0.0055010062909206575,0.005501006290919598
0ABN,east,1206,3.3813,44,7.53182770316671e-13,1.3872426824276709e-11,91.6975562631582,9.426769296983087e-17,ok,b2,0.01531057011982737,0.015310570119827222
0ABN,north,1206,3.3813,44,2.2749661672626846e-13,1.3872426824276709e-11,91.6975562631582,9.426769296983087e-17,ok,a2,0.01650509177972792,0.01650509177972802
0ABN,up,1206,3.3813,44,9.643001706648083e-13,1.3872426824276709e-11,91.6975562631582,9.426769296983087e-17,ok,b2,0.00800427439611228,0.008004274396113002
0ABY,east,4114,11.3676,107,2.708890197693104e-14,1.1369373378095702e-11,219.40386260859614,2.763413653904133e-17,ok,b1,0.01862873080876286,0.018628730808762848
0ABY,north,4114,11.3676,107,4.592310808741783e-13,1.1369373378095702e-11,219.40386260859614,2.763413653904133e-17,ok,a2,0.013796600010266946,0.013796600010266957
0ABY,up,4114,11.3676,107,2.2232553014277522e-13,1.1369373378095702e-11,219.40386260859614,2.763413653904133e-17,ok,b2,0.005218851840213571,0.0052188518402136366
0AKE,east,5807,15.9918,144,7.05636356087253e-14,1.8817117726328095e-11,302.916774373675,1.9577550838921306e-17,ok,a2,0.018790194370881613,0.01879019437088165
0AKE,north,5807,15.9918,144,2.7497289859497677e-14,1.8817117726328095e-11,302.916774373675,1.9577550838921306e-17,ok,a2,0.014218543215929828,0.014218543215929925
0AKE,up,5807,15.9918,144,6.967531474822858e-14,1.8817117726328095e-11,302.916774373675,1.9577550838921306e-17,ok,a2,0.005196607427288814,0.0051966074272888135
0ALE,east,3857,10.6886,102,9.354083409791954e-14,3.796593618991431e-12,212.00677280257005,5.895091403765414e-17,ok,v,0.01691312489724621,0.01691312489724779
0ALE,north,3857,10.6886,102,1.9075009152988278e-13,3.796593618991431e-12,212.00677280257005,5.895091403765414e-17,ok,a2,0.014726009647624341,0.014726009647624584
0ALE,up,3857,10.6886,102,4.1356882426262867e-13,3.796593618991431e-12,212.00677280257005,5.895091403765414e-17,ok,a2,0.009231769179084966,0.009231769179086236
0ALF,east,7541,20.7502,183,2.2426033699020594e-14,1.5050937653608852e-11,379.4293434220739,3.0151660979078643e-17,ok,b1,0.01666205382629101,0.016662053826291046
0ALF,north,7541,20.7502,183,3.50933352331955e-14,1.5050937653608852e-11,379.4293434220739,3.0151660979078643e-17,ok,a2,0.01484452953021976,0.014844529530219778
0ALF,up,7541,20.7502,183,1.9250447238443456e-14,1.5050937653608852e-11,379.4293434220739,3.0151660979078643e-17,ok,b2,0.00828279835093021,0.008282798350930156
0ALI,east,5632,15.5291,141,3.649873477607624e-14,1.7206378580577464e-11,297.7266980475988,0.0,ok,a2,0.017439688039033917,0.017439688039033948
0ALI,north,5632,15.5291,141,2.8949842084556255e-14,1.7206378580577464e-11,297.7266980475988,0.0,ok,a2,0.014534364579375523,0.014534364579375528
0ALI,up,5632,15.5291,141,3.322636543087472e-14,1.7206378580577464e-11,297.7266980475988,0.0,ok,a2,0.0035294321736938717,0.003529432173693794
0ALM,east,8827,24.3395,211,1.3001090562661417e-14,5.144230366874619e-12,449.7610040688536,1.287944236112111e-17,ok,b1,0.018429283411539356,0.01842928341153942
0ALM,north,8827,24.3395,211,4.208902219664814e-14,5.144230366874619e-12,449.7610040688536,1.287944236112111e-17,ok,v,0.013766003835137108,0.013766003835137687
0ALM,up,8827,24.3395,211,7.275918631888175e-14,5.144230366874619e-12,449.7610040688536,1.287944236112111e-17,ok,v,0.006413494139318448,0.0064134941393189145
0ALN,east,1197,3.3813,44,2.3121977521840226e-13,1.3872426824276709e-11,91.68812596298959,4.7488236308110285e-17,ok,b2,0.01665271130814641,0.016652711308146575
0ALN,north,1197,3.3813,44,5.884529259656672e-13,1.3872426824276709e-11,91.68812596298959,4.7488236308110285e-17,ok,a2,0.01337555672588517,0.013375556725885402
0ALN,up,1197,3.3813,44,8.87132522858597e-13,1.3872426824276709e-11,91.68812596298959,4.7488236308110285e-17,ok,b2,0.00984103266624026,0.00984103266624093
0ALS,east,2833,7.8412,79,6.456512616989641e-13,1.7876082065097406e-11,166.13151746386703,4.012948737084929e-17,ok,a2,0.018656108452130657,0.018656108452130695
0ALS,north,2833,7.8412,79,2.9394870743652564e-12,1.7876082065097406e-11,166.13151746386703,4.012948737084929e-17,ok,b2,0.014294693966618047,0.014294693966618026
0ALS,up,2833,7.8412,79,4.229517503764748e-12,1.7876082065097406e-11,166.13151746386703,4.012948737084929e-17,ok,b2,0.002524773479707638,0.0025247734797076405
0ALV,east,6707,18.4038,164,4.858496944764858e-14,1.4632624524337566e-12,328.51492380668407,1.6950475282781577e-17,ok,a2,0.016177922785034403,0.01617792278503402
0ALV,north,6707,18.4038,164,4.830134690847179e-14,1.4632624524337566e-12,328.51492380668407,1.6950475282781577e-17,ok,a2,0.015156054172161279,0.0151560541721609
0ALV,up,6707,18.4038,164,1.6364907120615335e-13,1.4632624524337566e-12,328.51492380668407,1.6950475282781577e-17,ok,v,0.0073477137522972216,0.007347713752295708
0AMB,east,4090,11.2882,107,4.0889288679439743e-14,1.2309719932599206e-11,220.8090031653954,2.779629284147091e-17,ok,a2,0.0167821215929443,0.01678212159294412
0AMB,north,4090,11.2882,107,7.097637233580378e-14,1.2309719932599206e-11,220.8090031653954,2.779629284147091e-17,ok,v,0.014933364568240735,0.014933364568241795
0AMB,up,4090,11.2882,107,1.9681732942932467e-13,1.2309719932599206e-11,220.8090031653954,2.779629284147091e-17,ok,b2,0.007366685276969128,0.007366685276969195
0AME,east,6179,17.1006,153,5.861336169259431e-14,1.791153927324518e-11,325.7820341162591,1.8398905603109893e-17,ok,v,0.01805358521996553,0.01805358521996447
0AME,north,6179,17.1006,153,1.253369896152458e-13,1.791153927324518e-11,325.7820341162591,1.8398905603109893e-17,ok,a2,0.014388917295808658,0.014388917295808521
0AME,up,6179,17.1006,153,1.1138492519367227e-13,1.791153927324518e-11,325.7820341162591,1.8398905603109893e-17,ok,v,0.005256269393046177,0.005256269393045592
0AMM,east,6683,18.5572,165,1.690526112715768e-14,1.6298708452627536e-11,352.62933774471776,6.804539142398086e-17,ok,a2,0.01518969921157399,0.015189699211573815
0AMM,north,6683,18.5572,165,1.450356362353441e-14,1.6298708452627536e-11,352.62933774471776,6.804539142398086e-17,ok,a2,0.015038580958023162,0.015038580958023089
0AMM,up,6683,18.5572,165,5.946938541136265e-14,1.6298708452627536e-11,352.62933774471776,6.804539142398086e-17,ok,a2,0.007510336637139342,0.0075103366371392965
0AMS,east,3714,10.2971,99,1.0652692435348407e-12,3.264390445958122e-12,272.4741026533417,6.122069882693378e-17,ok,b2,0.016926710821379577,0.016926710821379795
0AMS,north,3714,10.2971,99,3.179121078679318e-13,3.264390445958122e-12,272.4741026533417,6.122069882693378e-17,ok,v,0.014230847814155971,0.014230847814160496
0AMS,up,3714,10.2971,99,3.7831982703349853e-13,3.264390445958122e-12,272.4741026533417,6.122069882693378e-17,ok,v,0.010257396357434478,0.010257396357438359
0ANA,east,6849,18.9596,168,1.5217093211483925e-14,7.088842564829109e-12,713.678340026377,6.63961674531266e-17,ok,a1,0.01596179222337432,0.01596179222337437
0ANA,north,6849,18.9596,168,7.10649418363716e-14,7.088842564829109e-12,713.678340026377,6.63961674531266e-17,ok,a2,0.015473006281804832,0.015473006281804763
0ANA,up,6849,18.9596,168,1.8825030728612e-14,7.088842564829109e-12,713.678340026377,6.63961674531266e-17,ok,a2,0.008087919350608857,0.008087919350608819
0ANG,east,6616,18.2094,162,8.032357919085833e-14,4.146889818423581e-12,370.17278240710107,6.873448471681743e-17,ok,v,0.01641348474536496,0.016413484745366278
0ANG,north,6616,18.2094,162,8.635422403375253e-14,4.146889818423581e-12,370.17278240710107,6.873448471681743e-17,ok,v,0.014664576650798367,0.0146645766507971
0ANG,up,6616,18.2094,162,1.2549994215514743e-13,4.146889818423581e-12,370.17278240710107,6.873448471681743e-17,ok,v,0.009067562747033932,0.009067562747032794
0ANS,east,4098,11.3347,107,3.0849733712998266e-14,1.136937238101939e-11,1445.4284223400325,3.4677537128360186e-17,ok,b2,0.017926712950469464,0.01792671295046942
0ANS,north,4098,11.3347,107,2.2511030445972533e-14,1.136937238101939e-11,1445.4284223400325,3.4677537128360186e-17,ok,a2,0.014115512240285592,0.014115512240285523
0ANS,up,4098,11.3347,107,1.1397943793731315e-13,1.136937238101939e-11,1445.4284223400325,3.4677537128360186e-17,ok,a2,0.010438616649147397,0.01043861664914742
0ARA,east,3451,9.5305,93,6.71056275507712e-13,6.439524782614666e-12,191.93254965242824,1.647157892228572e-17,ok,a2,0.016773356258762306,0.016773356258762317
0ARA,north,3451,9.5305,93,2.4249200196347533e-14,6.439524782614666e-12,191.93254965242824,1.647157892228572e-17,ok,b1,0.014885493714056893,0.014885493714056805
0ARA,up,3451,9.5305,93,1.2099511295322176e-13,6.439524782614666e-12,191.93254965242824,1.647157892228572e-17,ok,a2,0.006243467471544053,0.006243467471543797
0ARB,east,5494,15.1841,138,1.4333091297713205e-14,8.252819578700438e-12,292.39673950843564,2.0692908212889702e-17,ok,a1,0.01763909891453758,0.017639098914537604
0ARB,north,5494,15.1841,138,1.3670992882101782e-14,8.252819578700438e-12,292.39673950843564,2.0692908212889702e-17,ok,b1,0.01418054265111965,0.01418054265111963
0ARB,up,5494,15.1841,138,1.3483449080794469e-14,8.252819578700438e-12,292.39673950843564,2.0692908212889702e-17,ok,a1,0.006682394831536227,0.006682394831536213
0ARD,east,5199,14.3491,131,4.4868597817971396e-14,1.4120440818322278e-11,278.2804678394325,4.3734117223164465e-17,ok,a2,0.017446134457245254,0.01744613445724529
0ARD,north,5199,14.3491,131,7.234766438297771e-14,1.4120440818322278e-11,278.2804678394325,4.3734117223164465e-17,ok,a2,0.014706447998795563,0.014706447998795558
0ARD,up,5199,14.3491,131,4.7479235459786804e-14,1.4120440818322278e-11,278.2804678394325,4.3734117223164465e-17,ok,a2,0.004458888318114255,0.0044588883181142635
0ARH,east,1565,4.3532,51,1.7397336218826485e-12,5.6537185382112836e-11,264.02494928621246,1.8160836696743775e-17,ok,b2,0.019058122403951726,0.019058122403951747
0ARH,north,1565,4.3532,51,1.1402411442743065e-12,5.6537185382112836e-11,264.02494928621246,1.8160836696743775e-17,ok,b2,0.013596238533231383,0.013596238533231298
0ARH,up,1565,4.3532,51,3.855096721589753e-12,5.6537185382112836e-11,264.02494928621246,1.8160836696743775e-17,ok,b2,0.005611021385276693,0.005611021385276535
0ARJ,east,11336,32.5777,277,7.167914774292062e-14,2.2813281072292442e-11,300360.06948687864,2.5072079596333812e-17,ok,b1,0.015793617360378223,0.015793617360378206
0ARJ,north,11336,32.5777,277,6.73197464918743e-14,2.2813281072292442e-11,300360.06948687864,2.5072079596333812e-17,ok,b1,0.015007442554003537,0.01500744255400353
0ARJ,up,11336,32.5777,277,4.565451789880476e-14,2.2813281072292442e-11,300360.06948687864,2.5072079596333812e-17,ok,b1,0.007332632304614521,0.007332632304614523
0ART,east,6911,19.2307,170,3.9815963596646125e-14,2.2880204606538425e-11,361.166209926352,0.0,ok,b2,0.015571501186513546,0.0155715011865135
0ART,north,6911,19.2307,170,1.472115921923063e-13,2.2880204606538425e-11,361.166209926352,0.0,ok,a2,0.014938883336115224,0.014938883336115212
0ART,up,6911,19.2307,170,3.1413133440211856e-14,2.2880204606538425e-11,361.166209926352,0.0,ok,b2,0.008355017997126757,0.00835501799712672
0ARV,east,6931,19.2307,170,4.176120181790097e-14,2.2880204606538425e-11,358.75750164637316,1.640266018202511e-17,ok,a2,0.016289514565491846,0.016289514565491978
0ARV,north,6931,19.2307,170,6.058787598458008e-14,2.2880204606538425e-11,358.75750164637316,1.640266018202511e-17,ok,a2,0.01459244416389364,0.014592444163893232
0ARV,up,6931,19.2307,170,8.406141201641466e-14,2.2880204606538425e-11,358.75750164637316,1.640266018202511e-17,ok,v,0.00932764501967291,0.009327645019672126
0ASD,east,4828,13.3251,123,2.6991192185494486e-14,1.5673428382449162e-12,253.61557627379,1.1773699018394369e-17,ok,b1,0.018684575179670457,0.018684575179670464
0ASD,north,4828,13.3251,123,2.5324536505593535e-14,1.5673428382449162e-12,253.61557627379,1.1773699018394369e-17,ok,a2,0.014374321411685983,0.014374321411685861
0ASD,up,4828,13.3251,123,1.4468419391065908e-14,1.5673428382449162e-12,253.61557627379,1.1773699018394369e-17,ok,a2,0.002457136335958457,0.0024571363359583774
0ASE,east,6883,18.9843,168,4.830962489980363e-14,7.181756353307096e-12,356.89074902698275,6.606818987163506e-17,ok,a2,0.016111909536324166,0.01611190953632462
0ASE,north,6883,18.9843,168,6.210499208997095e-14,7.181756353307096e-12,356.89074902698275,6.606818987163506e-17,ok,a2,0.014667341152796195,0.01466734115279563
0ASE,up,6883,18.9843,168,2.3313607426139835e-13,7.181756353307096e-12,356.89074902698275,6.606818987163506e-17,ok,v,0.009769796163781458,0.00976979616377918
0AST,east,3042,8.4654,84,4.046149594215603e-13,1.428904595098443e-11,215.58266305299722,3.737239898803946e-17,ok,b2,0.018244498989674195,0.01824449898967409
0AST,north,3042,8.4654,84,1.9277634676508471e-13,1.428904595098443e-11,215.58266305299722,3.737239898803946e-17,ok,b2,0.014964058251505367,0.01496405825150554
0AST,up,3042,8.4654,84,1.2066853355127716e-13,1.428904595098443e-11,215.58266305299722,3.737239898803946e-17,ok,b2,0.0008125385099449452,0.0008125385099451329
0ATR,east,8639,23.9507,208,4.5022671387690964e-13,3.2426465024448066e-11,4348.953901685426,4.626464739727473e-19,ok,a2,0.01755327704962302,0.017553277049623017
0ATR,north,8639,23.9507,208,9.151256658566418e-14,3.2426465024448066e-11,4348.953901685426,4.626464739727473e-19,ok,a2,0.014757172892621408,0.014757172892621368
0ATR,up,8639,23.9507,208,4.4907602910624916e-14,3.2426465024448066e-11,4348.953901685426,4.626464739727473e-19,ok,a2,0.0019371939689034607,0.0019371939689034467
0ATT,east,2637,7.3265,75,6.047641957792104e-13,2.1362886457187658e-11,518.9371090289463,2.1556093614261665e-17,ok,b1,0.017887005972813688,0.017887005972813688
0ATT,north,2637,7.3265,75,6.657755732043679e-13,2.1362886457187658e-11,518.9371090289463,2.1556093614261665e-17,ok,b1,0.014613988155546894,0.014613988155546967
0ATT,up,2637,7.3265,75,4.04306919270845e-12,2.1362886457187658e-11,518.9371090289463,2.1556093614261665e-17,ok,b2,0.0031955791041173073,0.0031955791041172405
0ATV,east,4106,11.3292,107,1.9654451965560536e-14,1.1369374654362725e-11,219.76301921292526,2.0765983509793477e-17,ok,b2,0.01816741077605298,0.018167410776052967
0ATV,north,4106,11.3292,107,3.2970786209937257e-14,1.1369374654362725e-11,219.76301921292526,2.0765983509793477e-17,ok,a2,0.014066079347874488,0.014066079347874513
0ATV,up,4106,11.3292,107,1.387779114555715e-13,1.1369374654362725e-11,219.76301921292526,2.0765983509793477e-17,ok,b2,0.004434148807176399,0.004434148807176376
0AVI,east,1206,3.4004,44,7.319852859644857e-13,1.8963826247279263e-11,91.26460876974959,4.7133846484915436e-17,ok,b2,0.017413205550227163,0.017413205550226882
0AVI,north,1206,3.4004,44,1.672547371171408e-12,1.8963826247279263e-11,91.26460876974959,4.7133846484915436e-17,ok,b2,0.013677511956936523,0.013677511956936879
0AVI,up,1206,3.4004,44,5.091193008565568e-13,1.8963826247279263e-11,91.26460876974959,4.7133846484915436e-17,ok,b2,0.009937495326014645,0.009937495326014567
0AZ1,east,2767,7.6906,78,5.5927924927752454e-14,1.701695476481458e-11,165.05455906861536,1.797542157687279e-17,ok,a2,0.01750787461402571,0.01750787461402621
0AZ1,north,2767,7.6906,78,2.7959896645090435e-13,1.701695476481458e-11,165.05455906861536,1.797542157687279e-17,ok,a2,0.014645727703969226,0.014645727703968837
0AZ1,up,2767,7.6906,78,2.1171075308459316e-12,1.701695476481458e-11,165.05455906861536,1.797542157687279e-17,ok,a2,0.003358421831885835,0.0033584218318857086
0BAS,east,7291,20.167,178,4.1462994343534496e-14,3.3734081863030064e-11,379.61595238820536,6.237105347503279e-17,ok,a2,0.016969160181317503,0.01696916018131751
0BAS,north,7291,20.167,178,5.3474109629312435e-15,3.3734081863030064e-11,379.61595238820536,6.237105347503279e-17,ok,a1,0.014202175790050946,0.014202175790050916
0BAS,up,7291,20.167,178,2.318975395390078e-14,3.3734081863030064e-11,379.61595238820536,6.237105347503279e-17,ok,a2,0.009995928040841363,0.009995928040841354
0BEB,east,2513,7.0007,73,5.598027831374915e-14,1.3865366866016033e-11,152.93354680519403,2.2619744870994037e-17,ok,b2,0.017804683706310234,0.017804683706310186
0BEB,north,2513,7.0007,73,4.0856812111820165e-13,1.3865366866016033e-11,152.93354680519403,2.2619744870994037e-17,ok,a2,0.01439005080652859,0.014390050806528604
0BEB,up,2513,7.0007,73,1.3859506084677384e-12,1.3865366866016033e-11,152.93354680519403,2.2619744870994037e-17,ok,a2,0.00948735846481622,0.009487358464816315
0BEF,east,4503,12.4299,116,1.0472955674945139e-13,9.51469869382913e-12,241.54091699114372,1.2623455221143241e-17,ok,a2,0.01688070824207653,0.016880708242076572
0BEF,north,4503,12.4299,116,3.269004413575355e-14,9.51469869382913e-12,241.54091699114372,1.2623455221143241e-17,ok,a2,0.01467159845527736,0.014671598455277523
0BEF,up,4503,12.4299,116,6.736736484541162e-14,9.51469869382913e-12,241.54091699114372,1.2623455221143241e-17,ok,v,0.005348501609519491,0.005348501609520136
0BEN,east,1259,3.551,45,2.08445746761314e-12,3.1560965953079376e-11,94.42130615562134,4.514965755425577e-17,ok,a2,0.016933426358955735,0.01693342635895581
0BEN,north,1259,3.551,45,4.911740798187414e-12,3.1560965953079376e-11,94.42130615562134,4.514965755425577e-17,ok,a2,0.013151689860025228,0.01315168986002522
0BEN,up,1259,3.551,45,1.2750596692834992e-12,3.1560965953079376e-11,94.42130615562134,4.514965755425577e-17,ok,a2,0.009962011894749954,0.009962011894749821
0BER,east,2810,7.7426,78,4.0715498596655047e-13,2.735696229348815e-11,164.62030331741394,4.0457949367123145e-17,ok,a2,0.01737486359273169,0.01737486359273165
0BER,north,2810,7.7426,78,1.7524450653430453e-12,2.735696229348815e-11,164.62030331741394,4.0457949367123145e-17,ok,b2,0.013967322493504655,0.01396732249350464
0BER,up,2810,7.7426,78,6.634168527528308e-13,2.735696229348815e-11,164.62030331741394,4.0457949367123145e-17,ok,a2,0.009446368767446242,0.009446368767446093
0BIE,east,8831,24.3395,211,5.473514671413342e-14,5.144230366874619e-12,450.0822670462662,1.2823321086147206e-18,ok,a2,0.01803319591244507,0.018033195912445097
0BIE,north,8831,24.3395,211,5.086295388695607e-14,5.144230366874619e-12,450.0822670462662,1.2823321086147206e-18,ok,a2,0.01389656548210803,0.01389656548210803
0BIE,up,8831,24.3395,211,3.46295434773844e-14,5.144230366874619e-12,450.0822670462662,1.2823321086147206e-18,ok,a2,0.0061758204702774275,0.006175820470277445
0BIP,east,4153,11.5647,109,2.8144072473241547e-14,6.279281569773878e-12,232.7412838517459,2.7374629839059963e-17,ok,v,0.016642059849690926,0.016642059849691394
0BIP,north,4153,11.5647,109,2.0529640124362774e-13,6.279281569773878e-12,232.7412838517459,2.7374629839059963e-17,ok,a2,0.01452721180781364,0.014527211807813856
0BIP,up,4153,11.5647,109,4.3329802956655947e-13,6.279281569773878e-12,232.7412838517459,2.7374629839059963e-17,ok,v,0.009836683505661878,0.00983668350566614
0BIS,east,5656,15.6852,142,2.6583270870156526e-13,1.2649455946555633e-11,301.62638338195774,4.020043766676663e-17,ok,v,0.017462561489843362,0.017462561489848004
0BIS,north,5656,15.6852,142,1.797574015665306e-13,1.2649455946555633e-11,301.62638338195774,4.020043766676663e-17,ok,v,0.014890504091104255,0.014890504091101578
0BIS,up,5656,15.6852,142,8.166856683716117e-13,1.2649455946555633e-11,301.62638338195774,4.020043766676663e-17,ok,v,0.002759394148484136,0.002759394148480566
0BJA,east,3449,9.6536,94,1.9542549280879638e-13,4.797000021334527e-12,1539.2290441247849,1.6481130432243553e-17,ok,v,0.018907262050222966,0.01890726205022666
0BJA,north,3449,9.6536,94,1.7621837601029628e-13,4.797000021334527e-12,1539.2290441247849,1.6481130432243553e-17,ok,v,0.014904071879966518,0.014904071879969144
0BJA,up,3449,9.6536,94,8.380015760979411e-13,4.797000021334527e-12,1539.2290441247849,1.6481130432243553e-17,ok,v,0.0018959556504755414,0.0018959556504776587
0BJO,east,8832,24.3395,211,2.8457456486924043e-14,5.144230366874619e-12,450.02037833391404,1.3073278369680286e-18,ok,a2,0.01734048736956932,0.017340487369569148
0BJO,north,8832,24.3395,211,4.8412772396351946e-14,5.144230366874619e-12,450.02037833391404,1.3073278369680286e-18,ok,v,0.0141177837108608,0.014117783710861484
0BJO,up,8832,24.3395,211,5.153343037497366e-14,5.144230366874619e-12,450.02037833391404,1.3073278369680286e-18,ok,v,0.005975022713322037,0.005975022713322345
0BJU,east,7269,20.1287,178,7.846602544012123e-15,3.373408097070672e-11,388.72672087524177,3.1279911328000006e-17,ok,b2,0.017475510338844917,0.017475510338844955
0BJU,north,7269,20.1287,178,2.6646754577885224e-14,3.373408097070672e-11,388.72672087524177,3.1279911328000006e-17,ok,a2,0.01388447841564402,0.01388447841564372
0BJU,up,7269,20.1287,178,4.0825697260143645e-14,3.373408097070672e-11,388.72672087524177,3.1279911328000006e-17,ok,b2,0.010231539545126034,0.010231539545125826
0BKI,east,4617,12.7365,118,5.062982179698627e-14,4.170641296649181e-12,256.76820130938387,4.9247059875077335e-17,ok,b2,0.01807382036830732,0.018073820368307365
0BKI,north,4617,12.7365,118,7.483918604644318e-14,4.170641296649181e-12,256.76820130938387,4.9247059875077335e-17,ok,b2,0.014387738472287876,0.014387738472287892
0BKI,up,4617,12.7365,118,2.9322841390659636e-14,4.170641296649181e-12,256.76820130938387,4.9247059875077335e-17,ok,b2,0.004527115234386912,0.004527115234386894
0BLA,east,7879,21.8946,192,8.673260756305815e-14,2.4528311031304178e-11,889.2126788345197,1.4429094773653512e-17,ok,a2,0.018623624515690367,0.018623624515690287
0BLA,north,7879,21.8946,192,1.8893751392295526e-14,2.4528311031304178e-11,889.2126788345197,1.4429094773653512e-17,ok,b1,0.013952974457051967,0.013952974457051842
0BLA,up,7879,21.8946,192,3.212766725553583e-14,2.4528311031304178e-11,889.2126788345197,1.4429094773653512e-17,ok,a2,0.0033844288095570265,0.0033844288095569615
0BLG,east,641,1.9083,32,2.2135582251109448e-13,2.745651544424577e-12,113.51574896437315,0.0,ok,b2,0.018655205110541695,0.018655205110541966
0BLG,north,641,1.9083,32,6.870161351091736e-14,2.745651544424577e-12,113.51574896437315,0.0,ok,b1,0.013175957114759367,0.013175957114759395
0BLG,up,641,1.9083,32,3.2116138279190173e-13,2.745651544424577e-12,113.51574896437315,0.0,ok,b2,0.00770146792480089,0.007701467924800188
0BLI,east,4872,13.4757,124,3.805380648561121e-14,1.0355058941310147e-11,255.881469553042,2.3334736806571434e-17,ok,a2,0.0187527038232368,0.01875270382323688
0BLI,north,4872,13.4757,124,3.676899215270142e-14,1.0355058941310147e-11,255.881469553042,2.3334736806571434e-17,ok,a1,0.013740914528321994,0.013740914528322073
0BLI,up,4872,13.4757,124,4.2941442927521256e-14,1.0355058941310147e-11,255.881469553042,2.3334736806571434e-17,ok,a2,0.0062756701094221065,0.006275670109422122
0BMO,east,1842,5.1225,57,5.107034647330998e-13,5.92090754723036e-11,123.33554573293257,3.085961935983063e-17,ok,a2,0.01588569562719736,0.015885695627197324
0BMO,north,1842,5.1225,57,8.823004009429961e-13,5.92090754723036e-11,123.33554573293257,3.085961935983063e-17,ok,a2,0.015069805611181082,0.015069805611181373
0BMO,up,1842,5.1225,57,2.8522702538818682e-12,5.92090754723036e-11,123.33554573293257,3.085961935983063e-17,ok,a2,0.008378650429230063,0.008378650429229308
0BOD,east,5906,16.3696,147,8.717072569567278e-14,1.3567357244745824e-11,321.2201093157079,3.8498759810909596e-17,ok,a2,0.018479016056634077,0.018479016056634216
0BOD,north,5906,16.3696,147,3.518172527721719e-13,1.3567357244745824e-11,321.2201093157079,3.8498759810909596e-17,ok,v,0.014481617398806176,0.014481617398801081
0BOD,up,5906,16.3696,147,5.693856330156668e-13,1.3567357244745824e-11,321.2201093157079,3.8498759810909596e-17,ok,v,0.00199842453409662,0.001998424534093817
0BOS,east,2059,5.6482,62,1.682193951985806e-12,2.2781308387894406e-11,124.0166625161625,4.141094137504226e-17,ok,a2,0.018192837118270647,0.018192837118270626
0BOS,north,2059,5.6482,62,3.012254766092636e-13,2.2781308387894406e-11,124.0166625161625,4.141094137504226e-17,ok,b2,0.014258624552764897,0.014258624552764814
0BOS,up,2059,5.6482,62,3.0272490651974512e-12,2.2781308387894406e-11,124.0166625161625,4.141094137504226e-17,ok,a2,0.01043951837837277,0.010439518378372474
0BOT,east,575,1.5852,29,6.718864318955902e-14,2.1321205047061345e-12,58.72496677050478,0.0,ok,b1,0.017034608158956216,0.017034608158956323
0BOT,north,575,1.5852,29,1.6578859040975413e-13,2.1321205047061345e-12,58.72496677050478,0.0,ok,a2,0.016091314366154894,0.016091314366154866
0BOT,up,575,1.5852,29,6.897279205403165e-13,2.1321205047061345e-12,58.72496677050478,0.0,ok,a2,0.00841671973603355,0.008416719736033525
0BRA,east,2547,7.1403,74,1.6799450042163845e-13,1.1991741467585694e-11,178.37504572370517,4.4635586070520625e-17,ok,a2,0.01750885336929159,0.01750885336929164
0BRA,north,2547,7.1403,74,1.3363890133316049e-12,1.1991741467585694e-11,178.37504572370517,4.4635586070520625e-17,ok,b2,0.012520397375696221,0.012520397375696221
0BRA,up,2547,7.1403,74,1.7393790909066976e-12,1.1991741467585694e-11,178.37504572370517,4.4635586070520625e-17,ok,a2,0.010121861701410698,0.010121861701410747
0BRO,east,3150,8.7064,86,9.279177544998565e-14,1.139646415121207e-11,179.17567215690156,7.218211918832764e-17,ok,a2,0.018791988641170775,0.018791988641170897
0BRO,north,3150,8.7064,86,9.741780590363968e-14,1.139646415121207e-11,179.17567215690156,7.218211918832764e-17,ok,a2,0.013780786765572692,0.013780786765572723
0BRO,up,3150,8.7064,86,8.233029835158481e-14,1.139646415121207e-11,179.17567215690156,7.218211918832764e-17,ok,a2,0.006250946798952588,0.006250946798952659
0BRU,east,3127,8.668,86,7.274626670527639e-14,7.723503917453947e-12,179.89700802548063,3.6356519898182295e-17,ok,b2,0.017560450101802044,0.017560450101802086
0BRU,north,3127,8.668,86,2.9326195078724357e-13,7.723503917453947e-12,179.89700802548063,3.6356519898182295e-17,ok,a2,0.014226673939090594,0.014226673939090469
0BRU,up,3127,8.668,86,4.709349318583265e-13,7.723503917453947e-12,179.89700802548063,3.6356519898182295e-17,ok,a2,0.003671594259339456,0.0036715942593394317
0BST,east,5333,14.8638,135,3.601477558441192e-14,1.2167202205517389e-11,585.0212366642293,2.1317614423704487e-17,ok,b1,0.017945820977984146,0.017945820977984167
0BST,north,5333,14.8638,135,4.868832383314173e-14,1.2167202205517389e-11,585.0212366642293,2.1317614423704487e-17,ok,a2,0.014790398051165173,0.014790398051165186
0BST,up,5333,14.8638,135,3.6456936212309745e-14,1.2167202205517389e-11,585.0212366642293,2.1317614423704487e-17,ok,b1,0.0012681062856357784,0.0012681062856357197
0BTT,east,2194,6.1656,66,6.70039697268513e-13,2.407495769754563e-11,285.8876628500665,2.5908577420605293e-17,ok,b2,0.01834357480966904,0.018343574809668795
0BTT,north,2194,6.1656,66,7.384630433188376e-13,2.407495769754563e-11,285.8876628500665,2.5908577420605293e-17,ok,b2,0.014146704456511033,0.014146704456511009
0BTT,up,2194,6.1656,66,1.1129384589041124e-12,2.407495769754563e-11,285.8876628500665,2.5908577420605293e-17,ok,b2,0.0034774785504580502,0.0034774785504581634
0BUE,east,2500,6.9459,72,6.384740786046867e-13,2.538505430825597e-11,148.71696453480055,2.2737367544323207e-17,ok,a2,0.0182768130927046,0.01827681309270462
0BUE,north,2500,6.9459,72,3.834143427768691e-13,2.538505430825597e-11,148.71696453480055,2.2737367544323207e-17,ok,b2,0.013475355545833215,0.013475355545833147
0BUE,up,2500,6.9459,72,1.0623551952788075e-12,2.538505430825597e-11,148.71696453480055,2.2737367544323207e-17,ok,b2,0.010304234770278435,0.010304234770278682
0BUG,east,3066,8.4791,84,1.7691266806726171e-13,1.6147218341361684e-11,173.84644788073274,3.707985574742858e-17,ok,b2,0.017846260979167004,0.017846260979166886
0BUG,north,3066,8.4791,84,1.4891410075928518e-12,1.6147218341361684e-11,173.84644788073274,3.707985574742858e-17,ok,b2,0.014970183886762063,0.014970183886761985
0BUG,up,3066,8.4791,84,2.5580173169770335e-13,1.6147218341361684e-11,173.84644788073274,3.707985574742858e-17,ok,a2,0.003004093238615196,0.003004093238614792
0BUR,east,7310,20.167,178,2.4309222263658523e-14,3.3734081863030064e-11,378.0362755188675,3.1104469964874426e-17,ok,b2,0.017304210907208132,0.017304210907208507
0BUR,north,7310,20.167,178,3.1092456089415455e-14,3.3734081863030064e-11,378.0362755188675,3.1104469964874426e-17,ok,b2,0.014290813494513095,0.014290813494513045
0BUR,up,7310,20.167,178,4.9380048476400236e-14,3.3734081863030064e-11,378.0362755188675,3.1104469964874426e-17,ok,v,0.009303647759297576,0.009303647759297116
0BYG,east,2583,7.1759,74,4.111491451770483e-13,1.8352213832050827e-11,154.49319464368372,3.301011548246691e-17,ok,a2,0.01781636426404072,0.017816364264040513
0BYG,north,2583,7.1759,74,1.6845466410756152e-13,1.8352213832050827e-11,154.49319464368372,3.301011548246691e-17,ok,a2,0.014203524388531539,0.014203524388531605
0BYG,up,2583,7.1759,74,2.1774574190530383e-12,1.8352213832050827e-11,154.49319464368372,3.301011548246691e-17,ok,a2,0.01023699879325226,0.010236998793252378
0BYS,east,1194,3.3867,44,2.246790694192405e-12,1.5188238459947904e-11,91.73618274898908,2.3803776742381916e-17,ok,b2,0.018335156388193878,0.01833515638819359
0BYS,north,1194,3.3867,44,3.0391982191024225e-13,1.5188238459947904e-11,91.73618274898908,2.3803776742381916e-17,ok,b2,0.0153080370700337,0.015308037070033798
0BYS,up,1194,3.3867,44,4.816007897101941e-13,1.5188238459947904e-11,91.73618274898908,2.3803776742381916e-17,ok,b2,0.009971329110146906,0.009971329110147992
0CHA,east,5792,15.8823,144,5.1003878072713746e-14,1.6590032150317785e-11,288.41947071278446,0.0,ok,a2,0.01627487845022215,0.016274878450222106
0CHA,north,5792,15.8823,144,1.302796192396833e-14,1.6590032150317785e-11,288.41947071278446,0.0,ok,b1,0.014176218092682645,0.014176218092682626
0CHA,up,5792,15.8823,144,1.630880866720906e-14,1.6590032150317785e-11,288.41947071278446,0.0,ok,a1,0.0064714329185300845,0.006471432918530074
0DAJ,east,4074,11.2608,107,1.1427666581247348e-13,1.2970233021067213e-11,220.7479754472987,2.0929093836821802e-17,ok,v,0.016819475767140598,0.016819475767138676
0DAJ,north,4074,11.2608,107,9.404385952600126e-14,1.2970233021067213e-11,220.7479754472987,2.0929093836821802e-17,ok,v,0.014516922024198301,0.014516922024199666
0DAJ,up,4074,11.2608,107,2.3554341865386144e-13,1.2970233021067213e-11,220.7479754472987,2.0929093836821802e-17,ok,v,0.0076924041651482335,0.00769240416515011
0DAL,east,5645,15.5537,141,1.639926195850719e-14,1.6856756773365278e-11,298.51088357538487,2.0139386664590972e-17,ok,a2,0.018595538698143316,0.018595538698143302
0DAL,north,5645,15.5537,141,2.13367457519734e-14,1.6856756773365278e-11,298.51088357538487,2.0139386664590972e-17,ok,a2,0.015009812845835658,0.015009812845835708
0DAL,up,5645,15.5537,141,1.511546913643227e-14,1.6856756773365278e-11,298.51088357538487,2.0139386664590972e-17,ok,b1,0.001183982521637462,0.0011839825216374215
0DAN,east,7951,21.8946,192,3.537351963830904e-14,2.4528311031304178e-11,408.0304661853761,1.4298432614968688e-17,ok,b2,0.018551313632349357,0.018551313632349298
0DAN,north,7951,21.8946,192,4.3056348650675234e-14,2.4528311031304178e-11,408.0304661853761,1.4298432614968688e-17,ok,a2,0.014528270537226317,0.014528270537226395
0DAN,up,7951,21.8946,192,1.1834793138404135e-14,2.4528311031304178e-11,408.0304661853761,1.4298432614968688e-17,ok,a2,0.0015877433585681942,0.0015877433585681966
0DAV,east,2520,7.0034,73,3.9367009677545397e-13,1.4182581277125012e-11,156.01212980555354,2.2556912246352387e-17,ok,b2,0.017670326058044347,0.01767032605804429
0DAV,north,2520,7.0034,73,3.424310141574494e-13,1.4182581277125012e-11,156.01212980555354,2.2556912246352387e-17,ok,b2,0.013921498562855303,0.01392149856285533
0DAV,up,2520,7.0034,73,4.859273595625116e-13,1.4182581277125012e-11,156.01212980555354,2.2556912246352387e-17,ok,a2,0.010282821725907535,0.01028282172590743
0DEG,east,5653,15.5866,141,8.739614373027598e-14,1.6124851617780025e-11,298.3005913954792,2.0110885852045998e-17,ok,v,0.018618334299599245,0.018618334299600872
0DEG,north,5653,15.5866,141,4.41000157374987e-14,1.6124851617780025e-11,298.3005913954792,2.0110885852045998e-17,ok,v,0.014790380820945788,0.014790380820945135
0DEG,up,5653,15.5866,141,4.754752479024588e-13,1.6124851617780025e-11,298.3005913954792,2.0110885852045998e-17,ok,v,0.0012900247827427875,0.001290024782740097
0DIL,east,4876,13.4949,124,3.798656675198479e-14,1.0406181509159404e-11,255.85760837498336,2.331559428252995e-17,ok,b2,0.015833702175908508,0.015833702175908324
0DIL,north,4876,13.4949,124,3.468145954320529e-14,1.0406181509159404e-11,255.85760837498336,2.331559428252995e-17,ok,b2,0.015104880141634322,0.01510488014163442
0DIL,up,4876,13.4949,124,2.890645181751602e-14,1.0406181509159404e-11,255.85760837498336,2.331559428252995e-17,ok,b2,0.003446400921756484,0.0034464009217565253
0DOC,east,4119,11.3703,107,2.716535066295032e-14,1.1369372068206227e-11,220.02438687114923,1.3800295911825204e-17,ok,b1,0.01719027942267458,0.01719027942267453
0DOC,north,4119,11.3703,107,3.1880831702843816e-14,1.1369372068206227e-11,220.02438687114923,1.3800295911825204e-17,ok,a2,0.014310401178683778,0.014310401178683643
0DOC,up,4119,11.3703,107,2.3131171814906417e-13,1.1369372068206227e-11,220.02438687114923,1.3800295911825204e-17,ok,b2,0.01011691273207875,0.010116912732078634
0DOR,east,6873,18.9952,168,1.1666019128635967e-13,7.1956862177435406e-12,355.7446535298089,1.6541079255291143e-17,ok,v,0.015791816481471772,0.01579181648146993
0DOR,north,6873,18.9952,168,2.277161668583287e-13,7.1956862177435406e-12,355.7446535298089,1.6541079255291143e-17,ok,v,0.014794000078367786,0.014794000078364417
0DOR,up,6873,18.9952,168,6.577677036910694e-14,7.1956862177435406e-12,355.7446535298089,1.6541079255291143e-17,ok,v,0.00912501965845855,0.00912501965845795
0DUN,east,672,1.9055,32,5.6122866023183694e-14,2.596110449604967e-12,64.4536703364075,0.0,ok,a2,0.025321975756690932,0.025321975756690377
0DUN,north,672,1.9055,32,5.4854330347618245e-14,2.596110449604967e-12,64.4536703364075,0.0,ok,a2,0.01605711073481038,0.016057110734810334
0DUN,up,672,1.9055,32,1.4315714880081762e-12,2.596110449604967e-12,64.4536703364075,0.0,ok,b2,0.010389219626190844,0.01038921962619005
0EDA,east,4073,11.2389,106,2.4303484647949003e-13,5.993139539622304e-12,1996.241019955115,2.093423233273067e-17,ok,a2,0.016197672293778654,0.01619767229377941
0EDA,north,4073,11.2389,106,1.2308090690708343e-13,5.993139539622304e-12,1996.241019955115,2.093423233273067e-17,ok,v,0.015334459172350422,0.01533445917235231
0EDA,up,4073,11.2389,106,8.516186633463329e-13,5.993139539622304e-12,1996.241019955115,2.093423233273067e-17,ok,a2,0.00525874932678454,0.005258749326784644
0EDB,east,4087,11.2772,107,4.435454722236217e-14,1.2652278653299265e-11,219.887663635271,4.1725044429269403e-17,ok,b2,0.01857839878251747,0.018578398782517005
0EDB,north,4087,11.2772,107,8.687002641638002e-14,1.2652278653299265e-11,219.887663635271,4.1725044429269403e-17,ok,v,0.014158150920459934,0.014158150920461163
0EDB,up,4087,11.2772,107,1.5607288423710533e-13,1.2652278653299265e-11,219.887663635271,4.1725044429269403e-17,ok,v,0.004293642888804024,0.004293642888805095
0EDS,east,4068,11.3703,107,2.764399701713035e-13,1.1369372068206227e-11,222.48590430772188,2.794661694238349e-17,ok,a2,0.016430382371999556,0.01643038237199951
0EDS,north,4068,11.3703,107,1.7953938509311225e-14,1.1369372068206227e-11,222.48590430772188,2.794661694238349e-17,ok,b2,0.014942012463191172,0.0149420124631912
0EDS,up,4068,11.3703,107,3.6165787513312986e-13,1.1369372068206227e-11,222.48590430772188,2.794661694238349e-17,ok,b2,0.009704429335638184,0.009704429335638191
0ED_,east,4627,12.7858,119,1.2706337770803897e-13,6.982275422628131e-12,243.06732818510415,4.9140625771176154e-17,ok,a2,0.016583764232495374,0.01658376423249541
0ED_,north,4627,12.7858,119,2.3865069820812e-14,6.982275422628131e-12,243.06732818510415,4.9140625771176154e-17,ok,a2,0.015242978662423632,0.01524297866242364
0ED_,up,4627,12.7858,119,1.1755320791598774e-13,6.982275422628131e-12,243.06732818510415,4.9140625771176154e-17,ok,b2,0.004919593379827319,0.004919593379827322
0EKB,east,3106,8.5914,85,1.187589760497246e-13,1.22085280327195e-11,176.2677665462548,7.320466047753769e-17,ok,a2,0.018323247597957972,0.018323247597958094
0EKB,north,3106,8.5914,85,7.210548187101575e-14,1.22085280327195e-11,176.2677665462548,7.320466047753769e-17,ok,a2,0.014962476264055257,0.014962476264055063
0EKB,up,3106,8.5914,85,1.7305499809209783e-13,1.22085280327195e-11,176.2677665462548,7.320466047753769e-17,ok,a2,0.0015404793041860815,0.001540479304185791
0EKE,east,7955,21.8946,192,4.162374256554861e-14,2.4528311031304178e-11,399.4626441886322,2.858248591366839e-17,ok,b2,0.018644705590247477,0.018644705590247484
0EKE,north,7955,21.8946,192,3.7234640797462954e-14,2.4528311031304178e-11,399.4626441886322,2.858248591366839e-17,ok,a2,0.014355449398802607,0.014355449398802646
0EKE,up,7955,21.8946,192,3.5756243631089764e-14,2.4528311031304178e-11,399.4626441886322,2.858248591366839e-17,ok,a2,0.0013081539705670675,0.0013081539705670857
0EMA,east,1200,3.3867,44,1.5241315000057114e-13,1.5188238459947904e-11,91.54583530798341,2.3684757858670008e-17,ok,b2,0.0170272701851104,0.017027270185110355
0EMA,north,1200,3.3867,44,1.923626657889026e-13,1.5188238459947904e-11,91.54583530798341,2.3684757858670008e-17,ok,b2,0.014219795093773807,0.014219795093773682
0EMA,up,1200,3.3867,44,4.096827165781995e-13,1.5188238459947904e-11,91.54583530798341,2.3684757858670008e-17,ok,b2,0.009993142242705337,0.009993142242705528
0ENS,east,4049,11.1759,106,6.029171121609944e-14,4.849313296993356e-12,217.66803147902027,5.615551381655521e-17,ok,a2,0.018481272453847963,0.018481272453847994
0ENS,north,4049,11.1759,106,2.976633160879985e-14,4.849313296993356e-12,217.66803147902027,5.615551381655521e-17,ok,b2,0.01392874011116351,0.013928740111163507
0ENS,up,4049,11.1759,106,8.819642711018112e-14,4.849313296993356e-12,217.66803147902027,5.615551381655521e-17,ok,a2,0.005391480520940864,0.005391480520940835
0ENV,east,4123,11.3703,107,3.721231333429556e-14,1.1369372068206227e-11,219.79940935843672,2.757381463051565e-17,ok,b2,0.01753880571500357,0.017538805715003533
0ENV,north,4123,11.3703,107,4.932435296734836e-14,1.1369372068206227e-11,219.79940935843672,2.757381463051565e-17,ok,b2,0.014464826857563659,0.01446482685756365
0ENV,up,4123,11.3703,107,1.5749924430967266e-13,1.1369372068206227e-11,219.79940935843672,2.757381463051565e-17,ok,b2,0.00821380940674836,0.008213809406748344
0ERS,east,2129,5.9138,64,8.137434116383814e-13,2.5527596204126633e-11,134.29985454253287,2.6699586125320816e-17,ok,b2,0.017341211698977215,0.01734121169897695
0ERS,north,2129,5.9138,64,3.4761669927023485e-13,2.5527596204126633e-11,134.29985454253287,2.6699586125320816e-17,ok,b2,0.013860088356677895,0.013860088356677925
0ERS,up,2129,5.9138,64,1.2368411611477312e-12,2.5527596204126633e-11,134.29985454253287,2.6699586125320816e-17,ok,b2,0.010329803375463326,0.010329803375463022
0ESK,east,5834,16.0931,145,1.2806477648631738e-13,4.80375677698425e-12,303.5378408918244,3.8973890202816605e-17,ok,v,0.018178292022474264,0.018178292022471936
0ESK,north,5834,16.0931,145,7.067456256466693e-14,4.80375677698425e-12,303.5378408918244,3.8973890202816605e-17,ok,v,0.014309869772015564,0.014309869772014552
0ESK,up,5834,16.0931,145,3.957857649494589e-13,4.80375677698425e-12,303.5378408918244,3.8973890202816605e-17,ok,v,0.00584870073312601,0.005848700733123462
0ESL,east,2369,6.5599,69,2.507539366942703e-13,2.7267619836451303e-11,143.88393394323742,1.1997344630816381e-17,ok,a2,0.0179385048442669,0.017938504844266987
0ESL,north,2369,6.5599,69,6.758330426859022e-14,2.7267619836451303e-11,143.88393394323742,1.1997344630816381e-17,ok,a2,0.015160960154632563,0.01516096015463256
0ESL,up,2369,6.5599,69,1.3478072745113188e-12,2.7267619836451303e-11,143.88393394323742,1.1997344630816381e-17,ok,a2,0.000984210168100024,0.0009842101681001097
0ESN,east,4118,11.3484,107,2.7076198403620865e-14,1.1369372311602363e-11,219.1332559902964,5.521458850005635e-17,ok,b1,0.018419071808439474,0.018419071808439505
0ESN,north,4118,11.3484,107,4.562181327494889e-14,1.1369372311602363e-11,219.1332559902964,5.521458850005635e-17,ok,a2,0.014104784136242112,0.0141047841362421
0ESN,up,4118,11.3484,107,1.5636205453863256e-13,1.1369372311602363e-11,219.1332559902964,5.521458850005635e-17,ok,b2,0.005038374647798149,0.00503837464779816
0FAF,east,4965,13.7495,126,4.3268601167238885e-14,5.7159611555628806e-12,264.24318105949,4.5795302204074936e-17,ok,a2,0.01705077846381407,0.017050778463814094
0FAF,north,4965,13.7495,126,4.067136678110217e-14,5.7159611555628806e-12,264.24318105949,4.5795302204074936e-17,ok,b1,0.014437745029543805,0.014437745029543838
0FAF,up,4965,13.7495,126,6.73698524755635e-14,5.7159611555628806e-12,264.24318105949,4.5795302204074936e-17,ok,a2,0.01003196790554801,0.010031967905547938
0FAL,east,8608,23.9507,208,7.587965389813048e-14,3.2426465024448066e-11,7978.407521429726,1.0833960742159985e-18,ok,a2,0.01737982062012918,0.017379820620129258
0FAL,north,8608,23.9507,208,1.4325362565130928e-13,3.2426465024448066e-11,7978.407521429726,1.0833960742159985e-18,ok,a2,0.014525014523598072,0.014525014523598065
0FAL,up,8608,23.9507,208,3.8744339681208e-14,3.2426465024448066e-11,7978.407521429726,1.0833960742159985e-18,ok,a2,0.004364155089051502,0.0043641550890514
0FAR,east,7358,20.3258,179,5.045093970868658e-14,2.3294071838183836e-11,376.74351537107424,6.180311917456702e-17,ok,a2,0.018999382933104752,0.018999382933104773
0FAR,north,7358,20.3258,179,3.638674719377314e-14,2.3294071838183836e-11,376.74351537107424,6.180311917456702e-17,ok,b1,0.013844661955396912,0.013844661955396907
0FAR,up,7358,20.3258,179,3.143946963821769e-14,2.3294071838183836e-11,376.74351537107424,6.180311917456702e-17,ok,a2,0.003243110109521147,0.0032431101095211656
0FBG,east,2967,8.3614,83,2.3269350962470666e-13,1.5722616703477273e-11,554.5992326120518,1.9158550340683525e-17,ok,a2,0.016747507011804552,0.016747507011804625
0FBG,north,2967,8.3614,83,2.3069281493575726e-12,1.5722616703477273e-11,554.5992326120518,1.9158550340683525e-17,ok,b2,0.01628320726014459,0.016283207260144615
0FBG,up,2967,8.3614,83,5.227830871261657e-13,1.5722616703477273e-11,554.5992326120518,1.9158550340683525e-17,ok,a2,0.0018357808580558555,0.0018357808580558416
0FIL,east,3247,8.9966,88,3.833742749919809e-12,1.3978075326582165e-11,236.22106994084768,7.002577007798955e-17,ok,b2,0.017811581045142813,0.017811581045143073
0FIL,north,3247,8.9966,88,1.3113886694309312e-12,1.3978075326582165e-11,236.22106994084768,7.002577007798955e-17,ok,b2,0.014245480052929596,0.014245480052929619
0FIL,up,3247,8.9966,88,2.721538084671957e-13,1.3978075326582165e-11,236.22106994084768,7.002577007798955e-17,ok,b2,0.006739713234827604,0.006739713234827932
0FIN,east,4114,11.3703,107,4.24482131412179e-14,1.1369372068206227e-11,222.96279859406707,1.3817068269520664e-17,ok,b2,0.016926132396437154,0.01692613239643709
0FIN,north,4114,11.3703,107,9.069894222894853e-13,1.1369372068206227e-11,222.96279859406707,1.3817068269520664e-17,ok,a2,0.014414718481594533,0.014414718481594523
0FIN,up,4114,11.3703,107,1.2732074809153375e-12,1.1369372068206227e-11,222.96279859406707,1.3817068269520664e-17,ok,b2,0.008456383261446277,0.008456383261446283
0FLR,east,1944,5.4264,60,2.219560939380186e-12,3.3644039694812255e-11,124.20369392790671,1.4620220900413585e-17,ok,b2,0.01768778576723101,0.017687785767231453
0FLR,north,1944,5.4264,60,5.834775736922377e-13,3.3644039694812255e-11,124.20369392790671,1.4620220900413585e-17,ok,b2,0.014218200914994539,0.014218200914994565
0FLR,up,1944,5.4264,60,8.56273068294204e-12,3.3644039694812255e-11,124.20369392790671,1.4620220900413585e-17,ok,a2,0.010296161483301963,0.010296161483302537
0FLU,east,5219,14.4038,132,3.396388852070926e-14,9.052431250269556e-12,272.90931715552216,4.356652144917265e-17,ok,a2,0.01689751094256625,0.016897510942566266
0FLU,north,5219,14.4038,132,2.535644820799851e-14,9.052431250269556e-12,272.90931715552216,4.356652144917265e-17,ok,a2,0.014508048714806302,0.014508048714806288
0FLU,up,5219,14.4038,132,3.3158270368749575e-14,9.052431250269556e-12,272.90931715552216,4.356652144917265e-17,ok,b2,0.007279466815246221,0.007279466815246236
0FRA,east,1721,4.7365,54,4.820868241519841e-12,7.494899234327253e-11,108.82985561454414,1.8578979145383212e-17,ok,a2,0.01697157049872676,0.01697157049872671
0FRA,north,1721,4.7365,54,1.0565538360559904e-12,7.494899234327253e-11,108.82985561454414,1.8578979145383212e-17,ok,b2,0.014490596722590248,0.014490596722589868
0FRA,up,1721,4.7365,54,2.625223926320373e-12,7.494899234327253e-11,108.82985561454414,1.8578979145383212e-17,ok,a2,0.004283853814029846,0.004283853814029453
0FRB,east,4603,12.731,118,1.5570794939501934e-14,4.131691653171025e-12,244.31670147215243,2.4698422272782104e-17,ok,b2,0.01745597797060415,0.017455977970604164
0FRB,north,4603,12.731,118,1.6895420926966535e-14,4.131691653171025e-12,244.31670147215243,2.4698422272782104e-17,ok,a2,0.015005497704791898,0.015005497704791827
0FRB,up,4603,12.731,118,6.056307495008984e-14,4.131691653171025e-12,244.31670147215243,2.4698422272782104e-17,ok,a2,0.007282672637450496,0.007282672637450552
0FRE,east,6708,18.5544,165,3.5006651941117954e-13,1.6348952539757845e-11,351.32203780465017,1.6947948378296962e-17,ok,a2,0.016389206103376724,0.016389206103376717
0FRE,north,6708,18.5544,165,7.534287948465375e-14,1.6348952539757845e-11,351.32203780465017,1.6947948378296962e-17,ok,a2,0.014569663389107985,0.014569663389108048
0FRE,up,6708,18.5544,165,1.266776950143716e-13,1.6348952539757845e-11,351.32203780465017,1.6947948378296962e-17,ok,b2,0.009910865215404832,0.009910865215404834
0FRI,east,4581,12.7119,118,8.476816330143616e-14,3.93535086126483e-12,291.24746993934775,3.722555262659333e-17,ok,v,0.017149106648672807,0.01714910664867426
0FRI,north,4581,12.7119,118,1.5278464857303609e-13,3.93535086126483e-12,291.24746993934775,3.722555262659333e-17,ok,b1,0.014630307158933764,0.014630307158933313
0FRI,up,4581,12.7119,118,1.26140184783734e-12,3.93535086126483e-12,291.24746993934775,3.722555262659333e-17,ok,a2,0.00921790604317962,0.009217906043179428
