sta,n,span,order,n_segments,skipped_segments,n_blocks,dropped_blocks,n_flags,coef_bytes,gram_bytes,grid_bytes,raw_bytes,npz_bytes,seconds,error
00NA,3185,10.4969,100,2,0,11,0,0,8712,504024,229320,649944,544764,0.237,
01NA,2360,11.4743,108,2,1,10,0,0,8640,543168,167568,481644,547155,0.095,
02NA,1913,8.2738,83,0,0,7,6,0,4200,197736,91584,390456,214372,0.106,
0ABI,6078,17.1965,154,0,0,18,0,0,9336,649608,291744,1240116,765540,0.465,
0ABN,1206,3.3813,44,0,0,4,0,0,2328,64824,57888,246228,89478,0.036,
0ABY,4114,11.3676,107,0,0,12,0,0,6336,328608,197472,839460,402224,0.189,
0AKE,5807,15.9918,144,0,0,16,0,0,8472,569496,278736,1184832,677331,0.437,
0ALE,3857,10.6886,102,0,0,11,0,0,5904,299232,185136,787032,364281,0.224,
0ALF,7541,20.7502,183,0,0,21,0,0,10968,897720,361968,1538568,1037965,0.651,
0ALI,5632,15.5291,141,0,0,16,0,0,8400,548832,270336,1149132,653178,0.366,
0ALM,8827,24.3395,211,0,0,25,0,0,12888,1180056,423696,1800912,1346904,0.35,
0ALN,1197,3.3813,44,0,0,4,0,0,2328,64824,57456,244392,89359,0.035,
0ALS,2833,7.8412,79,0,0,8,0,0,4416,186048,135984,578136,231073,0.069,
0ALV,6707,18.4038,164,5,0,19,0,0,15504,1022688,482904,1368432,1138998,0.267,
0AMB,4090,11.2882,107,0,0,12,0,0,6336,328608,196320,834564,399833,0.113,
0AME,6179,17.1006,153,0,0,18,0,0,9312,642192,296592,1260720,759976,0.296,
0AMM,6683,18.5572,165,0,0,19,0,0,9912,738408,320784,1363536,865158,0.552,
0AMS,3714,10.2971,99,0,0,11,0,0,5832,284616,178272,757860,347800,0.354,
0ANA,6849,18.9596,168,0,0,19,0,0,9984,762528,328752,1397400,899747,0.291,
0ANG,6616,18.2094,162,0,0,19,0,0,9840,714720,317568,1349868,844740,0.232,
0ANS,4098,11.3347,107,0,0,12,0,0,6336,328608,196704,836196,405133,0.138,
0ARA,3451,9.5305,93,0,0,10,0,0,5376,252624,165648,704208,311225,0.181,
0ARB,5494,15.1841,138,0,0,16,0,0,8328,528600,263712,1120980,629835,0.378,
0ARD,5199,14.3491,131,0,0,15,0,0,7848,479016,249552,1060800,578477,0.25,
0ARH,1565,4.3532,51,0,0,5,0,0,2808,85176,75120,319464,116005,0.188,
0ARJ,11336,32.5777,277,6,1,33,0,3,25680,2596368,813240,2312748,2799628,1.161,
0ART,6911,19.2307,170,0,0,20,0,0,10344,782904,331728,1410048,919544,0.367,
0ARV,6931,19.2307,170,0,0,20,0,0,10344,782904,332688,1414128,918611,0.26,
0ASD,4828,13.3251,123,0,0,14,0,0,7344,425808,231744,985116,513844,0.093,
0ASE,6883,18.9843,168,0,0,19,0,0,9984,762528,330384,1404336,894783,0.247,
0AST,3042,8.4654,84,0,0,9,0,0,4848,209904,146016,620772,259162,0.158,
0ATR,8639,23.9507,208,0,0,24,0,0,12504,1145688,414672,1762560,1318484,0.197,
0ATT,2637,7.3265,75,0,0,8,0,0,4320,171072,126576,538152,214868,0.206,
0ATV,4106,11.3292,107,0,0,12,0,0,6336,328608,197088,837828,404901,0.217,
0AVI,1206,3.4004,44,0,0,4,0,0,2328,64824,57888,246228,89717,0.059,
0AZ1,2767,7.6906,78,0,0,8,0,0,4392,182232,132816,564672,227766,0.204,
0BAS,7291,20.167,178,0,0,21,0,0,10848,854160,349968,1487568,1001042,0.43,
0BEB,2513,7.0007,73,0,0,7,0,0,3960,159816,120600,512856,198157,0.149,
0BEF,4503,12.4299,116,0,0,13,0,0,6864,381264,216144,918816,463593,0.173,
0BEN,1259,3.551,45,0,0,4,0,0,2352,67008,60432,257040,93472,0.023,
0BER,2810,7.7426,78,0,0,8,0,0,4392,182232,134880,573444,225646,0.213,
0BIE,8831,24.3395,211,0,0,25,0,0,12888,1180056,423888,1801728,1347132,0.759,
0BIP,4153,11.5647,109,0,0,12,0,0,6384,339072,199344,847416,415750,0.302,
0BIS,5656,15.6852,142,0,0,16,0,0,8424,555672,271488,1154028,666016,0.183,
0BJA,3449,9.6536,94,0,0,10,0,0,5400,257160,165552,703800,315786,0.147,
0BJO,8832,24.3395,211,0,0,25,0,0,12888,1180056,423936,1801932,1347123,0.523,
0BJU,7269,20.1287,178,4,0,21,0,0,16392,1216536,523368,1483080,1353276,0.294,
0BKI,4617,12.7365,118,0,0,13,0,0,6912,392592,221616,942072,475525,0.124,
0BLA,7879,21.8946,192,0,0,22,0,0,11496,983208,378192,1607520,1138521,0.505,
0BLG,641,1.9083,32,0,0,2,0,0,1416,34248,30768,130968,49010,0.021,
0BLI,4872,13.4757,124,0,0,14,0,0,7368,431784,233856,994092,520336,0.358,
0BMO,1842,5.1225,57,0,0,6,0,0,3264,105072,88416,375972,138721,0.072,
0BOD,5906,16.3696,147,0,0,17,0,0,8856,594648,283488,1205028,708895,0.32,
0BOS,2059,5.6482,62,0,0,6,0,0,3384,119592,98832,420240,153800,0.101,
0BOT,575,1.5852,29,0,0,2,0,0,1344,29712,27600,117504,44291,0.014,
0BRA,2547,7.1403,74,0,0,8,0,0,4296,167448,122256,519792,207293,0.096,
0BRO,3150,8.7064,86,0,0,9,0,0,4896,218160,151200,642804,268852,0.28,
0BRU,3127,8.668,86,0,0,9,0,0,4896,218160,150096,638112,270584,0.096,
0BST,5333,14.8638,135,0,0,15,0,0,7944,504744,255984,1088136,606025,0.5,
0BTT,2194,6.1656,66,0,0,7,0,0,3792,136128,105312,447780,173205,0.126,
0BUE,2500,6.9459,72,0,0,7,0,0,3936,156288,120000,510204,193929,0.085,
0BUG,3066,8.4791,84,0,0,9,0,0,4848,209904,147168,625668,258994,0.162,
0BUR,7310,20.167,178,0,0,21,0,0,10848,854160,350880,1491444,1000928,0.221,
0BYG,2583,7.1759,74,0,0,8,0,0,4296,167448,123984,527136,207648,0.095,
0BYS,1194,3.3867,44,0,0,4,0,0,2328,64824,57312,243780,89325,0.018,
0CHA,5792,15.8823,144,0,0,16,0,0,8472,569496,278016,1181772,670586,0.261,
0DAJ,4074,11.2608,107,0,0,12,0,0,6336,328608,195552,831300,400669,0.277,
0DAL,5645,15.5537,141,0,0,16,0,0,8400,548832,270960,1151784,652612,0.258,
0DAN,7951,21.8946,192,0,0,22,0,0,11496,983208,381648,1622208,1136590,0.297,
0DAV,2520,7.0034,73,0,0,7,0,0,3960,159816,120912,514284,198772,0.095,
0DEG,5653,15.5866,141,0,0,16,0,0,8400,548832,271344,1153416,657325,0.136,
0DIL,4876,13.4949,124,0,0,14,0,0,7368,431784,234048,994908,525803,0.063,
0DOC,4119,11.3703,107,0,0,12,0,0,6336,328608,197712,840480,402458,0.105,
0DOR,6873,18.9952,168,0,0,19,0,0,9984,762528,329904,1402296,894314,0.218,
0DUN,672,1.9055,32,0,0,2,0,0,1416,34248,32256,137292,49761,0.02,
0EDA,4073,11.2389,106,0,0,12,0,0,6312,323448,195504,831096,398906,0.23,
0EDB,4087,11.2772,107,0,0,12,0,0,6336,328608,196176,833952,400570,0.098,
0EDS,4068,11.3703,107,0,0,12,0,0,6336,328608,195264,830076,401554,0.255,
0ED_,4627,12.7858,119,0,0,13,0,0,6936,398328,222096,944112,484100,0.13,
0EKB,3106,8.5914,85,0,0,9,0,0,4872,214008,149088,633828,264167,0.09,
0EKE,7955,21.8946,192,0,0,22,0,0,11496,983208,381840,1623024,1135544,0.512,
0EMA,1200,3.3867,44,0,0,4,0,0,2328,64824,57600,245004,89477,0.016,
0ENS,4049,11.1759,106,0,0,12,0,0,6312,323448,194352,826200,393134,0.108,
0ENV,4123,11.3703,107,0,0,12,0,0,6336,328608,197904,841296,402357,0.159,
0ERS,2129,5.9138,64,0,0,6,0,0,3432,125736,102192,434520,159744,0.096,
0ESK,5834,16.0931,145,0,0,17,0,0,8808,580536,280032,1190340,690350,0.202,
0ESL,2369,6.5599,69,0,0,7,0,0,3864,145992,113712,483480,182788,0.035,
0ESN,4118,11.3484,107,0,0,12,0,0,6336,328608,197664,840276,403211,0.07,
0FAF,4965,13.7495,126,0,0,14,0,0,7416,443880,238320,1013064,538238,0.345,
0FAL,8608,23.9507,208,0,0,24,0,0,12504,1145688,413184,1756236,1319330,0.536,
0FAR,7358,20.3258,179,0,0,21,0,0,10872,862776,353184,1501236,1007189,0.167,
0FBG,2967,8.3614,83,0,0,9,0,0,4824,205848,142416,605472,255948,0.032,
0FIL,3247,8.9966,88,0,0,9,0,0,4944,226608,155856,662592,280597,0.036,
0FIN,4114,11.3703,107,0,0,12,0,0,6336,328608,197472,839460,402547,0.063,
0FLR,1944,5.4264,60,0,0,6,0,0,3336,113640,93312,396780,147516,0.02,
0FLU,5219,14.4038,132,0,0,15,0,0,7872,485376,250512,1064880,583343,0.061,
0FRA,1721,4.7365,54,0,0,5,0,0,2880,92880,82608,351288,125759,0.042,
0FRB,4603,12.731,118,0,0,13,0,0,6912,392592,220944,939216,476208,0.195,
0FRE,6708,18.5544,165,0,0,19,0,0,9912,738408,321984,1368636,866330,0.162,
0FRI,4581,12.7119,118,0,0,13,0,0,6912,392592,219888,934728,475930,0.117,
