isd_station,normals_id,path
70026027502,USW00027502,/home/fallen/data/showcase/normals/USW00027502.csv
70063727406,USW00027406,/home/fallen/data/showcase/normals/USW00027406.csv
70133026616,USW00026616,/home/fallen/data/showcase/normals/USW00026616.csv
70174026533,USW00026533,/home/fallen/data/showcase/normals/USW00026533.csv
70200026617,USW00026617,/home/fallen/data/showcase/normals/USW00026617.csv
70219026615,USW00026615,/home/fallen/data/showcase/normals/USW00026615.csv
70222026501,USW00026501,/home/fallen/data/showcase/normals/USW00026501.csv
70231026510,USW00026510,/home/fallen/data/showcase/normals/USW00026510.csv
70251026528,USW00026528,/home/fallen/data/showcase/normals/USW00026528.csv
70259026523,USW00026523,/home/fallen/data/showcase/normals/USW00026523.csv
70261026411,USW00026411,/home/fallen/data/showcase/normals/USW00026411.csv
70267026415,USW00026415,/home/fallen/data/showcase/normals/USW00026415.csv
70271026425,USW00026425,/home/fallen/data/showcase/normals/USW00026425.csv
70272026401,USW00026401,/home/fallen/data/showcase/normals/USW00026401.csv
70272526491,USW00026491,/home/fallen/data/showcase/normals/USW00026491.csv
70273026451,USW00026451,/home/fallen/data/showcase/normals/USW00026451.csv
70273526409,USW00026409,/home/fallen/data/showcase/normals/USW00026409.csv
70291026412,USW00026412,/home/fallen/data/showcase/normals/USW00026412.csv
70296026410,USW00026410,/home/fallen/data/showcase/normals/USW00026410.csv
70308025713,USW00025713,/home/fallen/data/showcase/normals/USW00025713.csv
70316025624,USW00025624,/home/fallen/data/showcase/normals/USW00025624.csv
70326025503,USW00025503,/home/fallen/data/showcase/normals/USW00025503.csv
70340025506,USW00025506,/home/fallen/data/showcase/normals/USW00025506.csv
70341025507,USW00025507,/home/fallen/data/showcase/normals/USW00025507.csv
70350025501,USW00025501,/home/fallen/data/showcase/normals/USW00025501.csv
70361025339,USW00025339,/home/fallen/data/showcase/normals/USW00025339.csv
70371025333,USW00025333,/home/fallen/data/showcase/normals/USW00025333.csv
70381025309,USW00025309,/home/fallen/data/showcase/normals/USW00025309.csv
70395025325,USW00025325,/home/fallen/data/showcase/normals/USW00025325.csv
72201012836,USW00012836,/home/fallen/data/showcase/normals/USW00012836.csv
72201512850,USW00012850,/home/fallen/data/showcase/normals/USW00012850.csv
72202012839,USW00012839,/home/fallen/data/showcase/normals/USW00012839.csv
72202612826,USW00012826,/home/fallen/data/showcase/normals/USW00012826.csv
72202912888,USW00012888,/home/fallen/data/showcase/normals/USW00012888.csv
72203012844,USW00012844,/home/fallen/data/showcase/normals/USW00012844.csv
72204012838,USW00012838,/home/fallen/data/showcase/normals/USW00012838.csv
72205012815,USW00012815,/home/fallen/data/showcase/normals/USW00012815.csv
72205312841,USW00012841,/home/fallen/data/showcase/normals/USW00012841.csv
72205712854,USW00012854,/home/fallen/data/showcase/normals/USW00012854.csv
72206013889,USW00013889,/home/fallen/data/showcase/normals/USW00013889.csv
72206593837,USW00093837,/home/fallen/data/showcase/normals/USW00093837.csv
72207003822,USW00003822,/home/fallen/data/showcase/normals/USW00003822.csv
72208013880,USW00013880,/home/fallen/data/showcase/normals/USW00013880.csv
72208593831,USW00093831,/home/fallen/data/showcase/normals/USW00093831.csv
72210612835,USW00012835,/home/fallen/data/showcase/normals/USW00012835.csv
72210812894,USW00012894,/home/fallen/data/showcase/normals/USW00012894.csv
72211012842,USW00012842,/home/fallen/data/showcase/normals/USW00012842.csv
72211612873,USW00012873,/home/fallen/data/showcase/normals/USW00012873.csv
72212012833,USW00012833,/home/fallen/data/showcase/normals/USW00012833.csv
72213713878,USW00013878,/home/fallen/data/showcase/normals/USW00013878.csv
72214093805,USW00093805,/home/fallen/data/showcase/normals/USW00093805.csv
72216013869,USW00013869,/home/fallen/data/showcase/normals/USW00013869.csv
72216693845,USW00093845,/home/fallen/data/showcase/normals/USW00093845.csv
72217003813,USW00003813,/home/fallen/data/showcase/normals/USW00003813.csv
72217513860,USW00013860,/home/fallen/data/showcase/normals/USW00013860.csv
72218003820,USW00003820,/home/fallen/data/showcase/normals/USW00003820.csv
72219013874,USW00013874,/home/fallen/data/showcase/normals/USW00013874.csv
72219503888,USW00003888,/home/fallen/data/showcase/normals/USW00003888.csv
72221013858,USW00013858,/home/fallen/data/showcase/normals/USW00013858.csv
72222313899,USW00013899,/home/fallen/data/showcase/normals/USW00013899.csv
72222503855,USW00003855,/home/fallen/data/showcase/normals/USW00003855.csv
72223013894,USW00013894,/home/fallen/data/showcase/normals/USW00013894.csv
72225013829,USW00013829,/home/fallen/data/showcase/normals/USW00013829.csv
72225593842,USW00093842,/home/fallen/data/showcase/normals/USW00093842.csv
72226013895,USW00013895,/home/fallen/data/showcase/normals/USW00013895.csv
72226903850,USW00003850,/home/fallen/data/showcase/normals/USW00003850.csv
72228013876,USW00013876,/home/fallen/data/showcase/normals/USW00013876.csv
72228693806,USW00093806,/home/fallen/data/showcase/normals/USW00093806.csv
72228713871,USW00013871,/home/fallen/data/showcase/normals/USW00013871.csv
72231012916,USW00012916,/home/fallen/data/showcase/normals/USW00012916.csv
72231553917,USW00053917,/home/fallen/data/showcase/normals/USW00053917.csv
72234013865,USW00013865,/home/fallen/data/showcase/normals/USW00013865.csv
72235003940,USW00003940,/home/fallen/data/showcase/normals/USW00003940.csv
72235893919,USW00093919,/home/fallen/data/showcase/normals/USW00093919.csv
72239003931,USW00003931,/home/fallen/data/showcase/normals/USW00003931.csv
72240003937,USW00003937,/home/fallen/data/showcase/normals/USW00003937.csv
72240513976,USW00013976,/home/fallen/data/showcase/normals/USW00013976.csv
72241012917,USW00012917,/home/fallen/data/showcase/normals/USW00012917.csv
72243012960,USW00012960,/home/fallen/data/showcase/normals/USW00012960.csv
72244693987,USW00093987,/home/fallen/data/showcase/normals/USW00093987.csv
72248013957,USW00013957,/home/fallen/data/showcase/normals/USW00013957.csv
72248613942,USW00013942,/home/fallen/data/showcase/normals/USW00013942.csv
72250012919,USW00012919,/home/fallen/data/showcase/normals/USW00012919.csv
72250612959,USW00012959,/home/fallen/data/showcase/normals/USW00012959.csv
72251012924,USW00012924,/home/fallen/data/showcase/normals/USW00012924.csv
72251512926,USW00012926,/home/fallen/data/showcase/normals/USW00012926.csv
72251712932,USW00012932,/home/fallen/data/showcase/normals/USW00012932.csv
72253012921,USW00012921,/home/fallen/data/showcase/normals/USW00012921.csv
72253312962,USW00012962,/home/fallen/data/showcase/normals/USW00012962.csv
72253512909,USW00012909,/home/fallen/data/showcase/normals/USW00012909.csv
72255012912,USW00012912,/home/fallen/data/showcase/normals/USW00012912.csv
72255512935,USW00012935,/home/fallen/data/showcase/normals/USW00012935.csv
72256013959,USW00013959,/home/fallen/data/showcase/normals/USW00013959.csv
72257603902,USW00003902,/home/fallen/data/showcase/normals/USW00003902.csv
72259003927,USW00003927,/home/fallen/data/showcase/normals/USW00003927.csv
72259453909,USW00053909,/home/fallen/data/showcase/normals/USW00053909.csv
72261022010,USW00022010,/home/fallen/data/showcase/normals/USW00022010.csv
72263023034,USW00023034,/home/fallen/data/showcase/normals/USW00023034.csv
72265023023,USW00023023,/home/fallen/data/showcase/normals/USW00023023.csv
72265623040,USW00023040,/home/fallen/data/showcase/normals/USW00023040.csv
72266013962,USW00013962,/home/fallen/data/showcase/normals/USW00013962.csv
72267023042,USW00023042,/home/fallen/data/showcase/normals/USW00023042.csv
72268023009,USW00023009,/home/fallen/data/showcase/normals/USW00023009.csv
72268623008,USW00023008,/home/fallen/data/showcase/normals/USW00023008.csv
72268793033,USW00093033,/home/fallen/data/showcase/normals/USW00093033.csv
72270023044,USW00023044,/home/fallen/data/showcase/normals/USW00023044.csv
72271093045,USW00093045,/home/fallen/data/showcase/normals/USW00093045.csv
72274023160,USW00023160,/home/fallen/data/showcase/normals/USW00023160.csv
72274523109,USW00023109,/home/fallen/data/showcase/normals/USW00023109.csv
72274793084,USW00093084,/home/fallen/data/showcase/normals/USW00093084.csv
72278023183,USW00023183,/home/fallen/data/showcase/normals/USW00023183.csv
72286023119,USW00023119,/home/fallen/data/showcase/normals/USW00023119.csv
72288023152,USW00023152,/home/fallen/data/showcase/normals/USW00023152.csv
72290023188,USW00023188,/home/fallen/data/showcase/normals/USW00023188.csv
72290693112,USW00093112,/home/fallen/data/showcase/normals/USW00093112.csv
72292603154,USW00003154,/home/fallen/data/showcase/normals/USW00003154.csv
72295023174,USW00023174,/home/fallen/data/showcase/normals/USW00023174.csv
72303013714,USW00013714,/home/fallen/data/showcase/normals/USW00013714.csv
72303593740,USW00093740,/home/fallen/data/showcase/normals/USW00093740.csv
72306013722,USW00013722,/home/fallen/data/showcase/normals/USW00013722.csv
72306613713,USW00013713,/home/fallen/data/showcase/normals/USW00013713.csv
72307513769,USW00013769,/home/fallen/data/showcase/normals/USW00013769.csv
72308013737,USW00013737,/home/fallen/data/showcase/normals/USW00013737.csv
72308513750,USW00013750,/home/fallen/data/showcase/normals/USW00013750.csv
72308693741,USW00093741,/home/fallen/data/showcase/normals/USW00093741.csv
72309013754,USW00013754,/home/fallen/data/showcase/normals/USW00013754.csv
72309593719,USW00093719,/home/fallen/data/showcase/normals/USW00093719.csv
72309693727,USW00093727,/home/fallen/data/showcase/normals/USW00093727.csv
72310013883,USW00013883,/home/fallen/data/showcase/normals/USW00013883.csv
72310613744,USW00013744,/home/fallen/data/showcase/normals/USW00013744.csv
72311013873,USW00013873,/home/fallen/data/showcase/normals/USW00013873.csv
72312003870,USW00003870,/home/fallen/data/showcase/normals/USW00003870.csv
72313993729,USW00093729,/home/fallen/data/showcase/normals/USW00093729.csv
72314013881,USW00013881,/home/fallen/data/showcase/normals/USW00013881.csv
72315003812,USW00003812,/home/fallen/data/showcase/normals/USW00003812.csv
72317013723,USW00013723,/home/fallen/data/showcase/normals/USW00013723.csv
72320093801,USW00093801,/home/fallen/data/showcase/normals/USW00093801.csv
72323003856,USW00003856,/home/fallen/data/showcase/normals/USW00003856.csv
72323513896,USW00013896,/home/fallen/data/showcase/normals/USW00013896.csv
72324013882,USW00013882,/home/fallen/data/showcase/normals/USW00013882.csv
72326013891,USW00013891,/home/fallen/data/showcase/normals/USW00013891.csv
72327013897,USW00013897,/home/fallen/data/showcase/normals/USW00013897.csv
72330003975,USW00003975,/home/fallen/data/showcase/normals/USW00003975.csv
72332093862,USW00093862,/home/fallen/data/showcase/normals/USW00093862.csv
72334013893,USW00013893,/home/fallen/data/showcase/normals/USW00013893.csv
72334603811,USW00003811,/home/fallen/data/showcase/normals/USW00003811.csv
72340313963,USW00013963,/home/fallen/data/showcase/normals/USW00013963.csv
72340503930,USW00003930,/home/fallen/data/showcase/normals/USW00003930.csv
72341793988,USW00093988,/home/fallen/data/showcase/normals/USW00093988.csv
72341813977,USW00013977,/home/fallen/data/showcase/normals/USW00013977.csv
72341993992,USW00093992,/home/fallen/data/showcase/normals/USW00093992.csv
72344013964,USW00013964,/home/fallen/data/showcase/normals/USW00013964.csv
72344593993,USW00093993,/home/fallen/data/showcase/normals/USW00093993.csv
72349513987,USW00013987,/home/fallen/data/showcase/normals/USW00013987.csv
72351013966,USW00013966,/home/fallen/data/showcase/normals/USW00013966.csv
72352593986,USW00093986,/home/fallen/data/showcase/normals/USW00093986.csv
72353013967,USW00013967,/home/fallen/data/showcase/normals/USW00013967.csv
72354013919,USW00013919,/home/fallen/data/showcase/normals/USW00013919.csv
72354403954,USW00003954,/home/fallen/data/showcase/normals/USW00003954.csv
72356013968,USW00013968,/home/fallen/data/showcase/normals/USW00013968.csv
72356693950,USW00093950,/home/fallen/data/showcase/normals/USW00093950.csv
72360023051,USW00023051,/home/fallen/data/showcase/normals/USW00023051.csv
72362723081,USW00023081,/home/fallen/data/showcase/normals/USW00023081.csv
72363023047,USW00023047,/home/fallen/data/showcase/normals/USW00023047.csv
72365023050,USW00023050,/home/fallen/data/showcase/normals/USW00023050.csv
72365823090,USW00023090,/home/fallen/data/showcase/normals/USW00023090.csv
72370093167,USW00093167,/home/fallen/data/showcase/normals/USW00093167.csv
72371003162,USW00003162,/home/fallen/data/showcase/normals/USW00003162.csv
72372323184,USW00023184,/home/fallen/data/showcase/normals/USW00023184.csv
72374023194,USW00023194,/home/fallen/data/showcase/normals/USW00023194.csv
72378303195,USW00003195,/home/fallen/data/showcase/normals/USW00003195.csv
72381523161,USW00023161,/home/fallen/data/showcase/normals/USW00023161.csv
72381603159,USW00003159,/home/fallen/data/showcase/normals/USW00003159.csv
72384023155,USW00023155,/home/fallen/data/showcase/normals/USW00023155.csv
72386023169,USW00023169,/home/fallen/data/showcase/normals/USW00023169.csv
72387003160,USW00003160,/home/fallen/data/showcase/normals/USW00003160.csv
72389093193,USW00093193,/home/fallen/data/showcase/normals/USW00093193.csv
72392523190,USW00023190,/home/fallen/data/showcase/normals/USW00023190.csv
72392623136,USW00023136,/home/fallen/data/showcase/normals/USW00023136.csv
72394023273,USW00023273,/home/fallen/data/showcase/normals/USW00023273.csv
72396593209,USW00093209,/home/fallen/data/showcase/normals/USW00093209.csv
72401013740,USW00013740,/home/fallen/data/showcase/normals/USW00013740.csv
72403093738,USW00093738,/home/fallen/data/showcase/normals/USW00093738.csv
72403513773,USW00013773,/home/fallen/data/showcase/normals/USW00013773.csv
72404013721,USW00013721,/home/fallen/data/showcase/normals/USW00013721.csv
72405013743,USW00013743,/home/fallen/data/showcase/normals/USW00013743.csv
72406093721,USW00093721,/home/fallen/data/showcase/normals/USW00093721.csv
72407093730,USW00093730,/home/fallen/data/showcase/normals/USW00093730.csv
72407513735,USW00013735,/home/fallen/data/showcase/normals/USW00013735.csv
72408013739,USW00013739,/home/fallen/data/showcase/normals/USW00013739.csv
72408594732,USW00094732,/home/fallen/data/showcase/normals/USW00094732.csv
72408813707,USW00013707,/home/fallen/data/showcase/normals/USW00013707.csv
72409614706,USW00014706,/home/fallen/data/showcase/normals/USW00014706.csv
72410013733,USW00013733,/home/fallen/data/showcase/normals/USW00013733.csv
72411013741,USW00013741,/home/fallen/data/showcase/normals/USW00013741.csv
72412003872,USW00003872,/home/fallen/data/showcase/normals/USW00003872.csv
72414013866,USW00013866,/home/fallen/data/showcase/normals/USW00013866.csv
72417013729,USW00013729,/home/fallen/data/showcase/normals/USW00013729.csv
72417613736,USW00013736,/home/fallen/data/showcase/normals/USW00013736.csv
72417713734,USW00013734,/home/fallen/data/showcase/normals/USW00013734.csv
72421093814,USW00093814,/home/fallen/data/showcase/normals/USW00093814.csv
72422093820,USW00093820,/home/fallen/data/showcase/normals/USW00093820.csv
72423093821,USW00093821,/home/fallen/data/showcase/normals/USW00093821.csv
72423513810,USW00013810,/home/fallen/data/showcase/normals/USW00013810.csv
72424013807,USW00013807,/home/fallen/data/showcase/normals/USW00013807.csv
72425003860,USW00003860,/home/fallen/data/showcase/normals/USW00003860.csv
72427303804,USW00003804,/home/fallen/data/showcase/normals/USW00003804.csv
72428014821,USW00014821,/home/fallen/data/showcase/normals/USW00014821.csv
72428693824,USW00093824,/home/fallen/data/showcase/normals/USW00093824.csv
72429093815,USW00093815,/home/fallen/data/showcase/normals/USW00093815.csv
72429793812,USW00093812,/home/fallen/data/showcase/normals/USW00093812.csv
72432093817,USW00093817,/home/fallen/data/showcase/normals/USW00093817.csv
72433813802,USW00013802,/home/fallen/data/showcase/normals/USW00013802.csv
72434013994,USW00013994,/home/fallen/data/showcase/normals/USW00013994.csv
72434503966,USW00003966,/home/fallen/data/showcase/normals/USW00003966.csv
72435003816,USW00003816,/home/fallen/data/showcase/normals/USW00003816.csv
72438093819,USW00093819,/home/fallen/data/showcase/normals/USW00093819.csv
72438614835,USW00014835,/home/fallen/data/showcase/normals/USW00014835.csv
72439093822,USW00093822,/home/fallen/data/showcase/normals/USW00093822.csv
72440013995,USW00013995,/home/fallen/data/showcase/normals/USW00013995.csv
72445003945,USW00003945,/home/fallen/data/showcase/normals/USW00003945.csv
72446003947,USW00003947,/home/fallen/data/showcase/normals/USW00003947.csv
72446313988,USW00013988,/home/fallen/data/showcase/normals/USW00013988.csv
72446713930,USW00013930,/home/fallen/data/showcase/normals/USW00013930.csv
72450003928,USW00003928,/home/fallen/data/showcase/normals/USW00003928.csv
72450503923,USW00003923,/home/fallen/data/showcase/normals/USW00003923.csv
72451013985,USW00013985,/home/fallen/data/showcase/normals/USW00013985.csv
72451523064,USW00023064,/home/fallen/data/showcase/normals/USW00023064.csv
72452003957,USW00003957,/home/fallen/data/showcase/normals/USW00003957.csv
72456013996,USW00013996,/home/fallen/data/showcase/normals/USW00013996.csv
72456513920,USW00013920,/home/fallen/data/showcase/normals/USW00013920.csv
72458013984,USW00013984,/home/fallen/data/showcase/normals/USW00013984.csv
72458593997,USW00093997,/home/fallen/data/showcase/normals/USW00093997.csv
72458603919,USW00003919,/home/fallen/data/showcase/normals/USW00003919.csv
72462023061,USW00023061,/home/fallen/data/showcase/normals/USW00023061.csv
72463523067,USW00023067,/home/fallen/data/showcase/normals/USW00023067.csv
72464093058,USW00093058,/home/fallen/data/showcase/normals/USW00093058.csv
72464523070,USW00023070,/home/fallen/data/showcase/normals/USW00023070.csv
72465023065,USW00023065,/home/fallen/data/showcase/normals/USW00023065.csv
72466093037,USW00093037,/home/fallen/data/showcase/normals/USW00093037.csv
72466593010,USW00093010,/home/fallen/data/showcase/normals/USW00093010.csv
72466693067,USW00093067,/home/fallen/data/showcase/normals/USW00093067.csv
72469523036,USW00023036,/home/fallen/data/showcase/normals/USW00023036.csv
72469824015,USW00024015,/home/fallen/data/showcase/normals/USW00024015.csv
72470093141,USW00093141,/home/fallen/data/showcase/normals/USW00093141.csv
72475593129,USW00093129,/home/fallen/data/showcase/normals/USW00093129.csv
72476023066,USW00023066,/home/fallen/data/showcase/normals/USW00023066.csv
72476593013,USW00093013,/home/fallen/data/showcase/normals/USW00093013.csv
72480023157,USW00023157,/home/fallen/data/showcase/normals/USW00023157.csv
72483023232,USW00023232,/home/fallen/data/showcase/normals/USW00023232.csv
72483993225,USW00093225,/home/fallen/data/showcase/normals/USW00093225.csv
72485523153,USW00023153,/home/fallen/data/showcase/normals/USW00023153.csv
72486023154,USW00023154,/home/fallen/data/showcase/normals/USW00023154.csv
72488023185,USW00023185,/home/fallen/data/showcase/normals/USW00023185.csv
72492023237,USW00023237,/home/fallen/data/showcase/normals/USW00023237.csv
72493023230,USW00023230,/home/fallen/data/showcase/normals/USW00023230.csv
72494023234,USW00023234,/home/fallen/data/showcase/normals/USW00023234.csv
72502014734,USW00014734,/home/fallen/data/showcase/normals/USW00014734.csv
72502594741,USW00094741,/home/fallen/data/showcase/normals/USW00094741.csv
72503014732,USW00014732,/home/fallen/data/showcase/normals/USW00014732.csv
72503614757,USW00014757,/home/fallen/data/showcase/normals/USW00014757.csv
72503794745,USW00094745,/home/fallen/data/showcase/normals/USW00094745.csv
72504094702,USW00094702,/home/fallen/data/showcase/normals/USW00094702.csv
72506454769,USW00054769,/home/fallen/data/showcase/normals/USW00054769.csv
72507014765,USW00014765,/home/fallen/data/showcase/normals/USW00014765.csv
72508014740,USW00014740,/home/fallen/data/showcase/normals/USW00014740.csv
72509014739,USW00014739,/home/fallen/data/showcase/normals/USW00014739.csv
72512504787,USW00004787,/home/fallen/data/showcase/normals/USW00004787.csv
72512614736,USW00014736,/home/fallen/data/showcase/normals/USW00014736.csv
72512704726,USW00004726,/home/fallen/data/showcase/normals/USW00004726.csv
72513014777,USW00014777,/home/fallen/data/showcase/normals/USW00014777.csv
72514014778,USW00014778,/home/fallen/data/showcase/normals/USW00014778.csv
72515004725,USW00004725,/home/fallen/data/showcase/normals/USW00004725.csv
72515614748,USW00014748,/home/fallen/data/showcase/normals/USW00014748.csv
72517014737,USW00014737,/home/fallen/data/showcase/normals/USW00014737.csv
72518014735,USW00014735,/home/fallen/data/showcase/normals/USW00014735.csv
72519014771,USW00014771,/home/fallen/data/showcase/normals/USW00014771.csv
72520094823,USW00094823,/home/fallen/data/showcase/normals/USW00094823.csv
72520514762,USW00014762,/home/fallen/data/showcase/normals/USW00014762.csv
72521014895,USW00014895,/home/fallen/data/showcase/normals/USW00014895.csv
72524014820,USW00014820,/home/fallen/data/showcase/normals/USW00014820.csv
72524504853,USW00004853,/home/fallen/data/showcase/normals/USW00004853.csv
72525014852,USW00014852,/home/fallen/data/showcase/normals/USW00014852.csv
72526014860,USW00014860,/home/fallen/data/showcase/normals/USW00014860.csv
72526604751,USW00004751,/home/fallen/data/showcase/normals/USW00004751.csv
72528014733,USW00014733,/home/fallen/data/showcase/normals/USW00014733.csv
72528704724,USW00004724,/home/fallen/data/showcase/normals/USW00004724.csv
72529014768,USW00014768,/home/fallen/data/showcase/normals/USW00014768.csv
72530094846,USW00094846,/home/fallen/data/showcase/normals/USW00094846.csv
72530594892,USW00094892,/home/fallen/data/showcase/normals/USW00094892.csv
72531603887,USW00003887,/home/fallen/data/showcase/normals/USW00003887.csv
72532014842,USW00014842,/home/fallen/data/showcase/normals/USW00014842.csv
72533014827,USW00014827,/home/fallen/data/showcase/normals/USW00014827.csv
72534014819,USW00014819,/home/fallen/data/showcase/normals/USW00014819.csv
72535014848,USW00014848,/home/fallen/data/showcase/normals/USW00014848.csv
72536094830,USW00094830,/home/fallen/data/showcase/normals/USW00094830.csv
72536614825,USW00014825,/home/fallen/data/showcase/normals/USW00014825.csv
72537094847,USW00094847,/home/fallen/data/showcase/normals/USW00094847.csv
72537514822,USW00014822,/home/fallen/data/showcase/normals/USW00014822.csv
72537614853,USW00014853,/home/fallen/data/showcase/normals/USW00014853.csv
72537714804,USW00014804,/home/fallen/data/showcase/normals/USW00014804.csv
72539014836,USW00014836,/home/fallen/data/showcase/normals/USW00014836.csv
72539514833,USW00014833,/home/fallen/data/showcase/normals/USW00014833.csv
72543094822,USW00094822,/home/fallen/data/showcase/normals/USW00094822.csv
72544014923,USW00014923,/home/fallen/data/showcase/normals/USW00014923.csv
72545014990,USW00014990,/home/fallen/data/showcase/normals/USW00014990.csv
72546014933,USW00014933,/home/fallen/data/showcase/normals/USW00014933.csv
72546514950,USW00014950,/home/fallen/data/showcase/normals/USW00014950.csv
72547094908,USW00094908,/home/fallen/data/showcase/normals/USW00094908.csv
72548094910,USW00094910,/home/fallen/data/showcase/normals/USW00094910.csv
72548514940,USW00014940,/home/fallen/data/showcase/normals/USW00014940.csv
72550014942,USW00014942,/home/fallen/data/showcase/normals/USW00014942.csv
72551014939,USW00014939,/home/fallen/data/showcase/normals/USW00014939.csv
72552014935,USW00014935,/home/fallen/data/showcase/normals/USW00014935.csv
72552594949,USW00094949,/home/fallen/data/showcase/normals/USW00094949.csv
72554014949,USW00014949,/home/fallen/data/showcase/normals/USW00014949.csv
72556014941,USW00014941,/home/fallen/data/showcase/normals/USW00014941.csv
72557014943,USW00014943,/home/fallen/data/showcase/normals/USW00014943.csv
72561024030,USW00024030,/home/fallen/data/showcase/normals/USW00024030.csv
72562024023,USW00024023,/home/fallen/data/showcase/normals/USW00024023.csv
72564024018,USW00024018,/home/fallen/data/showcase/normals/USW00024018.csv
72564524022,USW00024022,/home/fallen/data/showcase/normals/USW00024022.csv
72565003017,USW00003017,/home/fallen/data/showcase/normals/USW00003017.csv
72566024028,USW00024028,/home/fallen/data/showcase/normals/USW00024028.csv
72567024032,USW00024032,/home/fallen/data/showcase/normals/USW00024032.csv
72569024089,USW00024089,/home/fallen/data/showcase/normals/USW00024089.csv
72570024046,USW00024046,/home/fallen/data/showcase/normals/USW00024046.csv
72572024127,USW00024127,/home/fallen/data/showcase/normals/USW00024127.csv
72574424027,USW00024027,/home/fallen/data/showcase/normals/USW00024027.csv
72575524101,USW00024101,/home/fallen/data/showcase/normals/USW00024101.csv
72576024021,USW00024021,/home/fallen/data/showcase/normals/USW00024021.csv
72578024156,USW00024156,/home/fallen/data/showcase/normals/USW00024156.csv
72580524172,USW00024172,/home/fallen/data/showcase/normals/USW00024172.csv
72582524121,USW00024121,/home/fallen/data/showcase/normals/USW00024121.csv
72583024128,USW00024128,/home/fallen/data/showcase/normals/USW00024128.csv
72584523225,USW00023225,/home/fallen/data/showcase/normals/USW00023225.csv
72589594236,USW00094236,/home/fallen/data/showcase/normals/USW00094236.csv
72590523275,USW00023275,/home/fallen/data/showcase/normals/USW00023275.csv
72591024216,USW00024216,/home/fallen/data/showcase/normals/USW00024216.csv
72592024257,USW00024257,/home/fallen/data/showcase/normals/USW00024257.csv
72594524283,USW00024283,/home/fallen/data/showcase/normals/USW00024283.csv
72595724215,USW00024215,/home/fallen/data/showcase/normals/USW00024215.csv
72597024225,USW00024225,/home/fallen/data/showcase/normals/USW00024225.csv
72597524235,USW00024235,/home/fallen/data/showcase/normals/USW00024235.csv
72605014745,USW00014745,/home/fallen/data/showcase/normals/USW00014745.csv
72605504743,USW00004743,/home/fallen/data/showcase/normals/USW00004743.csv
72606014764,USW00014764,/home/fallen/data/showcase/normals/USW00014764.csv
72614594705,USW00094705,/home/fallen/data/showcase/normals/USW00094705.csv
72617014742,USW00014742,/home/fallen/data/showcase/normals/USW00014742.csv
72618514605,USW00014605,/home/fallen/data/showcase/normals/USW00014605.csv
72622394725,USW00094725,/home/fallen/data/showcase/normals/USW00094725.csv
72622794790,USW00094790,/home/fallen/data/showcase/normals/USW00094790.csv
72635094860,USW00094860,/home/fallen/data/showcase/normals/USW00094860.csv
72636014840,USW00014840,/home/fallen/data/showcase/normals/USW00014840.csv
72637014826,USW00014826,/home/fallen/data/showcase/normals/USW00014826.csv
72637914845,USW00014845,/home/fallen/data/showcase/normals/USW00014845.csv
72638094814,USW00094814,/home/fallen/data/showcase/normals/USW00094814.csv
72638714850,USW00014850,/home/fallen/data/showcase/normals/USW00014850.csv
72639094849,USW00094849,/home/fallen/data/showcase/normals/USW00094849.csv
72640014839,USW00014839,/home/fallen/data/showcase/normals/USW00014839.csv
72641014837,USW00014837,/home/fallen/data/showcase/normals/USW00014837.csv
72643014920,USW00014920,/home/fallen/data/showcase/normals/USW00014920.csv
72643514991,USW00014991,/home/fallen/data/showcase/normals/USW00014991.csv
72644014925,USW00014925,/home/fallen/data/showcase/normals/USW00014925.csv
72645014898,USW00014898,/home/fallen/data/showcase/normals/USW00014898.csv
72646314897,USW00014897,/home/fallen/data/showcase/normals/USW00014897.csv
72651014944,USW00014944,/home/fallen/data/showcase/normals/USW00014944.csv
72651494032,USW00094032,/home/fallen/data/showcase/normals/USW00094032.csv
72654014936,USW00014936,/home/fallen/data/showcase/normals/USW00014936.csv
72654594950,USW00094950,/home/fallen/data/showcase/normals/USW00094950.csv
72654614946,USW00014946,/home/fallen/data/showcase/normals/USW00014946.csv
72655014926,USW00014926,/home/fallen/data/showcase/normals/USW00014926.csv
72655594938,USW00094938,/home/fallen/data/showcase/normals/USW00094938.csv
72655614992,USW00014992,/home/fallen/data/showcase/normals/USW00014992.csv
72655714910,USW00014910,/home/fallen/data/showcase/normals/USW00014910.csv
72657494985,USW00094985,/home/fallen/data/showcase/normals/USW00094985.csv
72658014922,USW00014922,/home/fallen/data/showcase/normals/USW00014922.csv
72658414927,USW00014927,/home/fallen/data/showcase/normals/USW00014927.csv
72659014929,USW00014929,/home/fallen/data/showcase/normals/USW00014929.csv
72662024090,USW00024090,/home/fallen/data/showcase/normals/USW00024090.csv
72662524006,USW00024006,/home/fallen/data/showcase/normals/USW00024006.csv
72665094023,USW00094023,/home/fallen/data/showcase/normals/USW00094023.csv
72666024029,USW00024029,/home/fallen/data/showcase/normals/USW00024029.csv
72671024164,USW00024164,/home/fallen/data/showcase/normals/USW00024164.csv
72677024033,USW00024033,/home/fallen/data/showcase/normals/USW00024033.csv
72677624036,USW00024036,/home/fallen/data/showcase/normals/USW00024036.csv
72679724132,USW00024132,/home/fallen/data/showcase/normals/USW00024132.csv
72681024131,USW00024131,/home/fallen/data/showcase/normals/USW00024131.csv
72681524106,USW00024106,/home/fallen/data/showcase/normals/USW00024106.csv
72683094185,USW00094185,/home/fallen/data/showcase/normals/USW00094185.csv
72688024155,USW00024155,/home/fallen/data/showcase/normals/USW00024155.csv
72688524152,USW00024152,/home/fallen/data/showcase/normals/USW00024152.csv
72688624130,USW00024130,/home/fallen/data/showcase/normals/USW00024130.csv
72691724284,USW00024284,/home/fallen/data/showcase/normals/USW00024284.csv
72693024221,USW00024221,/home/fallen/data/showcase/normals/USW00024221.csv
72694024232,USW00024232,/home/fallen/data/showcase/normals/USW00024232.csv
72698024229,USW00024229,/home/fallen/data/showcase/normals/USW00024229.csv
72698694261,USW00094261,/home/fallen/data/showcase/normals/USW00094261.csv
72703314609,USW00014609,/home/fallen/data/showcase/normals/USW00014609.csv
72712014607,USW00014607,/home/fallen/data/showcase/normals/USW00014607.csv
72734014847,USW00014847,/home/fallen/data/showcase/normals/USW00014847.csv
72734714841,USW00014841,/home/fallen/data/showcase/normals/USW00014841.csv
72744014858,USW00014858,/home/fallen/data/showcase/normals/USW00014858.csv
72745014913,USW00014913,/home/fallen/data/showcase/normals/USW00014913.csv
72745394967,USW00094967,/home/fallen/data/showcase/normals/USW00094967.csv
72745594931,USW00094931,/home/fallen/data/showcase/normals/USW00094931.csv
72747014918,USW00014918,/home/fallen/data/showcase/normals/USW00014918.csv
72747694961,USW00094961,/home/fallen/data/showcase/normals/USW00094961.csv
72753014914,USW00014914,/home/fallen/data/showcase/normals/USW00014914.csv
72753514919,USW00014919,/home/fallen/data/showcase/normals/USW00014919.csv
72757594925,USW00094925,/home/fallen/data/showcase/normals/USW00094925.csv
72764024011,USW00024011,/home/fallen/data/showcase/normals/USW00024011.csv
72767594011,USW00094011,/home/fallen/data/showcase/normals/USW00094011.csv
72767624013,USW00024013,/home/fallen/data/showcase/normals/USW00024013.csv
72768094008,USW00094008,/home/fallen/data/showcase/normals/USW00094008.csv
72772024144,USW00024144,/home/fallen/data/showcase/normals/USW00024144.csv
72773024153,USW00024153,/home/fallen/data/showcase/normals/USW00024153.csv
72775024143,USW00024143,/home/fallen/data/showcase/normals/USW00024143.csv
72777094012,USW00094012,/home/fallen/data/showcase/normals/USW00094012.csv
72781024243,USW00024243,/home/fallen/data/showcase/normals/USW00024243.csv
72782594239,USW00094239,/home/fallen/data/showcase/normals/USW00094239.csv
72783024149,USW00024149,/home/fallen/data/showcase/normals/USW00024149.csv
72784624160,USW00024160,/home/fallen/data/showcase/normals/USW00024160.csv
72785024157,USW00024157,/home/fallen/data/showcase/normals/USW00024157.csv
72785524114,USW00024114,/home/fallen/data/showcase/normals/USW00024114.csv
72785694176,USW00094176,/home/fallen/data/showcase/normals/USW00094176.csv
72791094224,USW00094224,/home/fallen/data/showcase/normals/USW00094224.csv
72792024227,USW00024227,/home/fallen/data/showcase/normals/USW00024227.csv
72793024233,USW00024233,/home/fallen/data/showcase/normals/USW00024233.csv
72793524234,USW00024234,/home/fallen/data/showcase/normals/USW00024234.csv
72797094240,USW00094240,/home/fallen/data/showcase/normals/USW00094240.csv
72797624217,USW00024217,/home/fallen/data/showcase/normals/USW00024217.csv
74206024207,USW00024207,/home/fallen/data/showcase/normals/USW00024207.csv
74230024037,USW00024037,/home/fallen/data/showcase/normals/USW00024037.csv
74370014715,USW00014715,/home/fallen/data/showcase/normals/USW00014715.csv
74394514710,USW00014710,/home/fallen/data/showcase/normals/USW00014710.csv
74486094789,USW00094789,/home/fallen/data/showcase/normals/USW00094789.csv
74516023202,USW00023202,/home/fallen/data/showcase/normals/USW00023202.csv
74570013840,USW00013840,/home/fallen/data/showcase/normals/USW00013840.csv
74594013705,USW00013705,/home/fallen/data/showcase/normals/USW00013705.csv
74598013702,USW00013702,/home/fallen/data/showcase/normals/USW00013702.csv
74671013806,USW00013806,/home/fallen/data/showcase/normals/USW00013806.csv
74671693808,USW00093808,/home/fallen/data/showcase/normals/USW00093808.csv
74693093737,USW00093737,/home/fallen/data/showcase/normals/USW00093737.csv
74718503144,USW00003144,/home/fallen/data/showcase/normals/USW00003144.csv
74718703104,USW00003104,/home/fallen/data/showcase/normals/USW00003104.csv
74718823158,USW00023158,/home/fallen/data/showcase/normals/USW00023158.csv
74740013973,USW00013973,/home/fallen/data/showcase/normals/USW00013973.csv
74775013846,USW00013846,/home/fallen/data/showcase/normals/USW00013846.csv
74777003852,USW00003852,/home/fallen/data/showcase/normals/USW00003852.csv
74780413824,USW00013824,/home/fallen/data/showcase/normals/USW00013824.csv
74781013857,USW00013857,/home/fallen/data/showcase/normals/USW00013857.csv
74790013849,USW00013849,/home/fallen/data/showcase/normals/USW00013849.csv
91165022536,USW00022536,/home/fallen/data/showcase/normals/USW00022536.csv
91176022519,USW00022519,/home/fallen/data/showcase/normals/USW00022519.csv
91182022521,USW00022521,/home/fallen/data/showcase/normals/USW00022521.csv
91186022534,USW00022534,/home/fallen/data/showcase/normals/USW00022534.csv
91190022516,USW00022516,/home/fallen/data/showcase/normals/USW00022516.csv
91212041415,GQW00041415,/home/fallen/data/showcase/normals/GQW00041415.csv
91218041414,GQW00041414,/home/fallen/data/showcase/normals/GQW00041414.csv
91285021504,USW00021504,/home/fallen/data/showcase/normals/USW00021504.csv
91334040505,FMW00040505,/home/fallen/data/showcase/normals/FMW00040505.csv
91366040604,RMW00040604,/home/fallen/data/showcase/normals/RMW00040604.csv
91413040308,FMW00040308,/home/fallen/data/showcase/normals/FMW00040308.csv
91765061705,AQW00061705,/home/fallen/data/showcase/normals/AQW00061705.csv
